4304,b0019-nhaA
4305,b0020-nhaR
4306,b0034-caiF
4307,b0035-caiE
4308,b0036-caiD
4309,b0037-caiC
4310,b0038-caiB
4311,b0039-caiA
4312,b0040-caiT
4313,b0041-fixA
4314,b0042-fixB
4315,b0043-fixC
4316,b0044-fixX
4317,b1021-pgaD
4318,b1022-pgaC
4319,b1023-pgaB
4320,b1024-pgaA
4321,b1482-osmC
4322,b0066-thiQ
4323,b0067-thiP
4324,b0068-thiB
4325,b0069-sgrR
4326,b0070-setA
4327,b0162-cdaR
4328,b0225-yafQ
4329,b0226-dinJ
4330,b0623-cspE
4331,b2379-alaC
4332,b2787-gudD
4333,b2788-gudX
4334,b2789-gudP
4335,b3124-garK
4336,b3125-garR
4337,b3126-garL
4338,b3127-garP
4339,b3128-garD
4340,b0293-ecpA
4341,b0294-ecpR
4342,b0301-rclC
4343,b0303-rclB
4344,b0304-rclA
4345,b0305-rclR
4346,b0311-betA
4347,b0312-betB
4348,b0313-betI
4349,b0314-betT
4350,b0330-prpR
4351,b0333-prpC
4352,b0334-prpD
4353,b0335-prpE
4354,b0338-cynR
4355,b0339-cynT
4356,b0340-cynS
4357,b0341-cynX
4358,b1891-flhC
4359,b1892-flhD
4360,b1920-fliY
4361,b1921-fliZ
4362,b1922-fliA
4363,b1923-fliC
4364,b2734-pphB
4365,b0342-lacA
4366,b0343-lacY
4367,b0344-lacZ
4368,b0345-lacI
4369,b0346-mhpR
4370,b0347-mhpA
4371,b0348-mhpB
4372,b0349-mhpC
4373,b0350-mhpD
4374,b0351-mhpF
4375,b0352-mhpE
4376,b0413-nrdR
4377,b0435-bolA
4378,b0463-acrA
4379,b0464-acrR
4380,b0839-dacC
4381,b2234-nrdA
4382,b2235-nrdB
4383,b2236-yfaE
4384,b2673-nrdH
4385,b2674-nrdI
4386,b2675-nrdE
4387,b2676-nrdF
4388,b3699-gyrB
4389,b4150-ampC
4390,b4237-nrdG
4391,b4238-nrdD
4392,b0123-cueO
4393,b0484-copA
4394,b0487-cueR
4395,b0504-allS
4396,b0505-allA
4397,b0506-allR
4398,b0507-gcl
4399,b0508-hyi
4400,b0509-glxR
4401,b0511-ybbW
4402,b0512-allB
4403,b0513-ybbY
4404,b0514-glxK
4405,b0515-allE
4406,b0516-allC
4407,b0517-allD
4408,b0566-envY
4409,b0570-cusS
4410,b0571-cusR
4411,b0572-cusC
4412,b0573-cusF
4413,b0574-cusB
4414,b0575-cusA
4415,b0781-moaA
4416,b0782-moaB
4417,b0783-moaC
4418,b0784-moaD
4419,b0785-moaE
4420,b0929-ompF
4421,b2215-ompC
4422,b0411-tsx
4423,b0564-appY
4424,b0613-citG
4425,b0614-citX
4426,b0615-citF
4427,b0616-citE
4428,b0617-citD
4429,b0618-citC
4430,b0619-dpiB
4431,b0620-dpiA
4432,b0694-kdpE
4433,b0696-kdpC
4434,b0697-kdpB
4435,b0698-kdpA
4436,b0730-mngR
4437,b0732-mngB
4438,b0812-dps
4439,b0817-mntR
4440,b0840-deoR
4441,b1821-mntP
4442,b2392-mntH
4443,b2964-nupG
4444,b3093-exuT
4445,b3236-mdh
4446,b4381-deoC
4447,b4382-deoA
4448,b4383-deoB
4449,b4384-deoD
4450,b0277-yagK
4451,b0846-rcdA
4452,b0958-sulA
4453,b0995-torR
4454,b0996-torC
4455,b0997-torA
4456,b0998-torD
4457,b1014-putA
4458,b1015-putP
4459,b1037-csgG
4460,b1038-csgF
4461,b1039-csgE
4462,b1040-csgD
4463,b1111-comR
4464,b1112-bhsA
4465,b1162-bluR
4466,b1163-bluF
4467,b1164-ycgZ
4468,b1165-ymgA
4469,b1166-ariR
4470,b1167-ymgC
4471,b1198-dhaM
4472,b1199-dhaL
4473,b1200-dhaK
4474,b1201-dhaR
4475,b1536-ydeI
4476,b1597-asr
4477,b3508-yhiD
4478,b3509-hdeB
4479,b3510-hdeA
4480,b3516-gadX
4481,b3517-gadA
4482,b3707-tnaC
4483,b3708-tnaA
4484,b3709-tnaB
4485,b0048-folA
4486,b0112-aroP
4487,b0388-aroL
4488,b0389-yaiA
4489,b0390-aroM
4490,b0754-aroG
4491,b1296-puuP
4492,b1297-puuA
4493,b1298-puuD
4494,b1299-puuR
4495,b1300-puuC
4496,b1301-puuB
4497,b1302-puuE
4498,b1303-pspF
4499,b1304-pspA
4500,b1305-pspB
4501,b1306-pspC
4502,b1307-pspD
4503,b1308-pspE
4504,b1323-tyrR
4505,b1326-mpaA
4506,b1327-ycjY
4507,b1328-pgrR
4508,b1384-feaR
4509,b1385-feaB
4510,b1386-tynA
4511,b1907-tyrP
4512,b2600-tyrA
4513,b2601-aroF
4514,b3161-mtr
4515,b4050-pspG
4516,b4054-tyrB
4517,b0806-mcbA
4518,b1257-yciE
4519,b1258-yciF
4520,b1259-yciG
4521,b1387-paaZ
4522,b1388-paaA
4523,b1389-paaB
4524,b1390-paaC
4525,b1391-paaD
4526,b1393-paaF
4527,b1394-paaG
4528,b1395-paaH
4529,b1396-paaI
4530,b1397-paaJ
4531,b1398-paaK
4532,b1399-paaX
4533,b1450-mcbR
4534,b1499-ydeO
4535,b1500-safA
4536,b1507-hipA
4537,b1508-hipB
4538,b1511-lsrK
4539,b1512-lsrR
4540,b1513-lsrA
4541,b1514-lsrC
4542,b1515-lsrD
4543,b1516-lsrB
4544,b1517-lsrF
4545,b1518-lsrG
4546,b1519-tam
4547,b3512-gadE
4548,b3513-mdtE
4549,b3514-mdtF
4556,b1101-ptsG
4557,b1182-hlyE
4558,b1224-narG
4559,b1225-narH
4560,b1226-narJ
4561,b1227-narI
4562,b1530-marR
4563,b1531-marA
4564,b1532-marB
4565,b1562-hokD
4566,b1563-relE
4567,b1564-relB
4568,b1567-ydfW
4569,b1568-ydfX
4570,b1569-dicC
4571,b1570-dicA
4572,b1575-dicB
4573,b1576-ydfD
4574,b1577-ydfE
4575,b1579-intQ
4576,b1593-bioD2
4577,b1594-mlc
4578,b1608-rstA
4579,b1615-uidC
4580,b1616-uidB
4581,b1617-uidA
4582,b1618-uidR
4583,b1620-malI
4584,b1621-malX
4585,b1622-malY
4586,b1642-slyA
4587,b1649-nemR
4588,b1650-nemA
4589,b1651-gloA
4590,b1733-chbG
4591,b1734-chbF
4592,b1735-chbR
4593,b1736-chbA
4594,b1737-chbC
4595,b1738-chbB
4596,b1817-manX
4597,b1818-manY
4598,b1819-manZ
4599,b2415-ptsH
4600,b2416-ptsI
4601,b2417-crr
4602,b3418-malT
4609,b0093-ftsQ
4610,b0094-ftsA
4611,b0095-ftsZ
4612,b0365-tauA
4613,b0366-tauB
4614,b0367-tauC
4615,b0368-tauD
4616,b0933-ssuB
4617,b0934-ssuC
4618,b0935-ssuD
4619,b0936-ssuA
4620,b0937-ssuE
4621,b1707-ydiV
4622,b1743-spy
4623,b1827-kdgR
4624,b1850-eda
4625,b1851-edd
4626,b1916-sdiA
4627,b1987-cbl
4628,b2017-yefM
4629,b2074-mdtA
4630,b2075-mdtB
4631,b2076-mdtC
4632,b2077-mdtD
4633,b2078-baeS
4634,b2079-baeR
4635,b2470-acrD
4636,b3515-gadW
4643,b0756-galM
4644,b0757-galK
4645,b0758-galT
4646,b0759-galE
4647,b2105-rcnR
4648,b2106-rcnA
4649,b2107-rcnB
4650,b2125-yehT
4651,b2127-mlrA
4652,b2148-mglC
4653,b2149-mglA
4654,b2150-mglB
4655,b2151-galS
4656,b2163-yeiL
4657,b2837-galR
4658,b2943-galP
4659,b3185-rpmA
4660,b3186-rplU
4661,b3190-ibaG
4662,b4133-cadC
4663,b4354-yjiY
4664,b0076-leuO
4665,b2068-alkA
4666,b2212-alkB
4667,b2213-ada
4668,b2217-rcsB
4669,b2220-atoC
4670,b2221-atoD
4671,b2222-atoA
4672,b2223-atoE
4673,b2224-atoB
4674,b2289-lrhA
4675,b2364-dsdC
4676,b2365-dsdX
4677,b2366-dsdA
4678,b3721-bglB
4679,b3722-bglF
4680,b3723-bglG
4681,b4187-aidB
4682,b4313-fimE
4683,b2381-ypdB
4684,b2405-xapR
4685,b2406-xapB
4686,b2407-xapA
4687,b2427-murR
4688,b2428-murQ
4689,b2429-murP
4690,b2481-hyfA
4691,b2482-hyfB
4692,b2483-hyfC
4693,b2484-hyfD
4694,b2485-hyfE
4695,b2486-hyfF
4696,b2487-hyfG
4697,b2488-hyfH
4698,b2489-hyfI
4699,b2490-hyfJ
4700,b2491-hyfR
4701,b2492-focB
4702,b2537-hcaR
4703,b2538-hcaE
4704,b2539-hcaF
4705,b2540-hcaC
4706,b2541-hcaB
4707,b2542-hcaD
4708,b3547-yhjX
4715,b0473-htpG
4716,b0553-nmpC
4717,b0820-ybiT
4718,b2554-glrR
4719,b2659-csiD
4720,b2660-lhgO
4721,b2661-gabD
4722,b2662-gabT
4723,b2663-gabP
4724,b2664-csiR
4725,b2669-stpA
4726,b2684-mprA
4727,b2685-emrA
4728,b2686-emrB
4729,b2697-alaS
4730,b2702-srlA
4731,b2703-srlE
4732,b2704-srlB
4733,b2705-srlD
4734,b2706-gutM
4735,b2707-srlR
4736,b2708-gutQ
4737,b2709-norR
4738,b2710-norV
4739,b2711-norW
4740,b2714-ascG
4741,b2715-ascF
4742,b2716-ascB
4743,b2781-mazG
4744,b2782-mazF
4745,b2783-mazE
4746,b0880-cspD
4747,b2741-rpoS
4748,b2799-fucO
4749,b2800-fucA
4750,b2801-fucP
4751,b2802-fucI
4752,b2803-fucK
4753,b2804-fucU
4754,b2805-fucR
4755,b2808-gcvA
4756,b2838-lysA
4757,b2839-lysR
4758,b2903-gcvP
4759,b2904-gcvH
4760,b2905-gcvT
4761,b2975-glcA
4762,b2976-glcB
4763,b2977-glcG
4764,b2979-glcD
4765,b2980-glcC
4766,b3010-yqhC
4767,b3011-yqhD
4768,b3012-dkgA
4769,b3021-mqsA
4770,b3022-mqsR
4771,b3025-qseB
4772,b3026-qseC
4773,b3060-ttdR
4774,b3061-ttdA
4775,b3062-ttdB
4776,b3063-ttdT
4777,b3070-yqjH
4778,b3071-yqjI
4779,b3075-ebgR
4780,b3076-ebgA
4781,b3077-ebgC
4782,b0403-malZ
4783,b1521-uxaB
4784,b3091-uxaA
4785,b3092-uxaC
4786,b3094-exuR
4787,b3113-tdcF
4788,b3114-tdcE
4789,b3115-tdcD
4790,b3116-tdcC
4791,b3117-tdcB
4792,b3118-tdcA
4793,b3119-tdcR
4794,b3131-agaR
4795,b3132-kbaZ
4796,b3133-agaV
4797,b3134-agaW
4798,b3135-agaA
4799,b3136-agaS
4800,b3137-kbaY
4801,b3138-agaB
4802,b3139-agaC
4803,b3140-agaD
4804,b3141-agaI
4805,b3221-yhcH
4806,b3222-nanK
4807,b3223-nanE
4808,b3224-nanT
4809,b3225-nanA
4810,b3226-nanR
4811,b3255-accB
4812,b3256-accC
4813,b3264-envR
4814,b3292-zntR
4815,b3416-malQ
4816,b3417-malP
4817,b3421-rtcB
4818,b3422-rtcR
4819,b3469-zntA
4820,b3571-malS
4821,b4032-malG
4822,b4033-malF
4823,b4034-malE
4824,b4035-malK
4825,b4036-lamB
4826,b4037-malM
4827,b4279-yjhB
4828,b4280-yjhC
4829,b4309-nanS
4830,b4310-nanM
4831,b4311-nanC
4832,b4312-fimB
4833,b4322-uxuA
4834,b4323-uxuB
4835,b4324-uxuR
4836,b4471-tdcG
4837,b4475-rtcA
4838,b1237-hns
4839,b2231-gyrA
4840,b2239-glpQ
4841,b2240-glpT
4842,b2241-glpA
4843,b2242-glpB
4844,b2243-glpC
4845,b3413-gntX
4846,b3414-nfuA
4847,b3415-gntT
4848,b3423-glpR
4849,b3426-glpD
4850,b3437-gntK
4851,b3438-gntR
4852,b3476-nikA
4853,b3477-nikB
4854,b3478-nikC
4855,b3479-nikD
4856,b3480-nikE
4857,b3481-nikR
4858,b3491-yhiM
4859,b3501-arsR
4860,b3502-arsB
4861,b3503-arsC
4862,b3506-slp
4863,b3507-dctR
4864,b3556-cspA
4865,b3564-xylB
4866,b3565-xylA
4867,b3566-xylF
4868,b3567-xylG
4869,b3568-xylH
4870,b3569-xylR
4871,b3574-yiaJ
4872,b3575-dlgD
4873,b3576-yiaL
4874,b3577-yiaM
4875,b3578-yiaN
4876,b3579-yiaO
4877,b3580-lyx
4878,b3581-sgbH
4879,b3582-sgbU
4880,b3583-sgbE
4881,b3599-mtlA
4882,b3600-mtlD
4883,b3601-mtlR
4884,b3603-lldP
4885,b3604-lldR
4886,b3605-lldD
4887,b3800-aslB
4888,b3925-glpX
4889,b3926-glpK
4890,b3927-glpF
4891,b4115-adiC
4892,b4131-cadA
4893,b4132-cadB
4894,b4264-idnR
4895,b4265-idnT
4896,b4266-idnO
4897,b4267-idnD
4898,b4268-idnK
4899,b4476-gntU
4900,b0197-metQ
4901,b0198-metI
4902,b0199-metN
4903,b0605-ahpC
4904,b0606-ahpF
4905,b1036-ycdZ
4906,b1415-aldA
4907,b1623-add
4908,b2143-cdd
4909,b2152-yeiB
4910,b2153-folE
4911,b2393-nupC
4912,b2507-guaA
4913,b2508-guaB
4914,b2551-glyA
4915,b2552-hmp
4916,b2942-metK
4917,b3008-metC
4918,b3363-ppiA
4919,b3461-rpoH
4920,b3666-uhpT
4921,b3669-uhpA
4922,b3700-recF
4923,b3701-dnaN
4924,b3702-dnaA
4925,b3741-mnmG
4926,b3742-mioC
4927,b3743-asnC
4928,b3744-asnA
4929,b3748-rbsD
4930,b3749-rbsA
4931,b3750-rbsC
4932,b3751-rbsB
4933,b3752-rbsK
4934,b3753-rbsR
4935,b3773-ilvY
4936,b3774-ilvC
4937,b3828-metR
4938,b3829-metE
4939,b3831-udp
4940,b3863-polA
4941,b3902-rhaD
4942,b3903-rhaA
4943,b3904-rhaB
4944,b3905-rhaS
4945,b3906-rhaR
4946,b3907-rhaT
4947,b3934-cytR
4948,b3938-metJ
4949,b3939-metB
4950,b3940-metL
4951,b3941-metF
4952,b4005-purD
4953,b4006-purH
4954,b4013-metA
4955,b4019-metH
4956,b0296-ykgM
4957,b0774-bioA
4958,b0776-bioF
4959,b0777-bioC
4960,b0778-bioD1
4961,b0954-fabA
4962,b1857-znuA
4963,b1858-znuC
4964,b1859-znuB
4965,b1973-zinT
4966,b2323-fabB
4967,b3412-bioH
4968,b3963-fabR
4969,b3973-birA
4970,b4002-zraP
4971,b4003-zraS
4972,b4004-zraR
4973,b4014-aceB
4974,b4015-aceA
4975,b4016-aceK
4976,b4018-iclR
4977,b4046-zur
4978,b0460-hha
4979,b0461-tomB
4980,b1492-gadC
4981,b1493-gadB
4982,b1552-cspI
4983,b1611-fumC
4984,b3207-yrbL
4985,b3212-gltB
4986,b3213-gltD
4987,b3214-gltF
4988,b3528-dctA
4989,b4042-dgkA
4990,b4062-soxS
4991,b4063-soxR
4992,b4085-alsE
4993,b4086-alsC
4994,b4087-alsA
4995,b4088-alsB
4996,b4089-rpiR
4997,b4090-rpiB
4998,b4113-basR
4999,b4116-adiY
5000,b4117-adiA
5001,b4118-melR
5002,b4119-melA
5003,b4120-melB
5004,b4122-fumB
5005,b4123-dcuB
5006,b4124-dcuR
5007,b4151-frdD
5008,b4152-frdC
5009,b4153-frdB
5010,b4154-frdA
5011,b4191-ulaR
5012,b4192-ulaG
5013,b4193-ulaA
5014,b4194-ulaB
5015,b4195-ulaC
5016,b4196-ulaD
5017,b4197-ulaE
5018,b4198-ulaF
5019,b0032-carA
5020,b0033-carB
5021,b0750-nadA
5022,b0751-pnuC
5023,b0931-pncB
5024,b1260-trpA
5025,b1261-trpB
5026,b1262-trpC
5027,b1263-trpGD
5028,b1264-trpE
5029,b1265-trpL
5030,b1704-aroH
5031,b2574-nadB
5032,b4239-treC
5033,b4240-treB
5034,b4241-treR
5035,b4260-pepA
5036,b4321-gntP
5037,b4357-lgoR
5038,b4390-nadR
5039,b4393-trpR
5040,b2091-gatD
5041,b2092-gatC
5042,b2093-gatB
5043,b2094-gatA
5044,b2095-gatZ
5045,b2096-gatY
5046,b2464-talA
5047,b4398-creB
5048,b4400-creD
5049,b4480-hdfR
5055,b0001-thrL
5056,b0002-thrA
5057,b0003-thrB
5058,b0004-thrC
5059,b0005-yaaX
5060,b0006-yaaA
5061,b0007-yaaJ
5062,b0008-talB
5063,b0009-mog
5064,b0010-satP
5065,b0011-yaaW
5066,b0013-yaaI
5067,b0014-dnaK
5068,b0015-dnaJ
5069,b0016-insL1
5070,b0022-insA1
5071,b0023-rpsT
5072,b0024-yaaY
5073,b0025-ribF
5074,b0026-ileS
5075,b0027-lspA
5076,b0028-fkpB
5077,b0029-ispH
5078,b0030-rihC
5079,b0031-dapB
5080,b0045-yaaU
5081,b0046-kefF
5082,b0047-kefC
5083,b0049-apaH
5084,b0050-apaG
5085,b0051-rsmA
5086,b0052-pdxA
5087,b0053-surA
5088,b0054-lptD
5089,b0055-djlA
5090,b0058-rluA
5091,b0059-rapA
5092,b0060-polB
5093,b0061-araD
5094,b0062-araA
5095,b0063-araB
5096,b0064-araC
5097,b0065-yabI
5098,b0071-leuD
5099,b0072-leuC
5100,b0073-leuB
5101,b0074-leuA
5102,b0075-leuL
5103,b0077-ilvI
5104,b0078-ilvH
5105,b0080-cra
5106,b0081-mraZ
5107,b0082-rsmH
5108,b0083-ftsL
5109,b0084-ftsI
5110,b0085-murE
5111,b0086-murF
5112,b0087-mraY
5113,b0088-murD
5114,b0089-ftsW
5115,b0090-murG
5116,b0091-murC
5117,b0092-ddlB
5118,b0096-lpxC
5119,b0097-secM
5120,b0098-secA
5121,b0099-mutT
5122,b0101-yacG
5123,b0102-zapD
5124,b0103-coaE
5125,b0104-guaC
5126,b0106-hofC
5127,b0107-hofB
5128,b0108-ppdD
5129,b0109-nadC
5130,b0110-ampD
5131,b0111-ampE
5132,b0113-pdhR
5133,b0114-aceE
5134,b0115-aceF
5135,b0116-lpdA
5136,b0117-yacH
5137,b0118-acnB
5138,b0119-yacL
5139,b0120-speD
5140,b0121-speE
5141,b0122-yacC
5142,b0124-gcd
5143,b0125-hpt
5144,b0126-can
5145,b0127-yadG
5146,b0128-yadH
5147,b0129-yadI
5148,b0130-yadE
5149,b0131-panD
5150,b0132-yadD
5151,b0133-panC
5152,b0134-panB
5153,b0135-yadC
5154,b0136-yadK
5155,b0137-yadL
5156,b0138-yadM
5157,b0139-htrE
5158,b0140-yadV
5159,b0141-yadN
5160,b0142-folK
5161,b0143-pcnB
5162,b0144-gluQ
5163,b0145-dksA
5164,b0146-sfsA
5165,b0147-thpR
5166,b0148-hrpB
5167,b0149-mrcB
5168,b0150-fhuA
5169,b0151-fhuC
5170,b0152-fhuD
5171,b0153-fhuB
5172,b0154-hemL
5173,b0155-clcA
5174,b0156-erpA
5175,b0157-yadS
5176,b0158-btuF
5177,b0159-mtnN
5178,b0160-dgt
5179,b0161-degP
5180,b0163-yaeH
5181,b0164-yaeI
5182,b0166-dapD
5183,b0167-glnD
5184,b0168-map
5185,b0169-rpsB
5186,b0170-tsf
5187,b0171-pyrH
5188,b0172-frr
5189,b0173-dxr
5190,b0174-ispU
5191,b0175-cdsA
5192,b0176-rseP
5193,b0177-bamA
5194,b0178-skp
5195,b0179-lpxD
5196,b0180-fabZ
5197,b0181-lpxA
5198,b0182-lpxB
5199,b0183-rnhB
5200,b0184-dnaE
5201,b0185-accA
5202,b0186-ldcC
5203,b0187-yaeR
5204,b0188-tilS
5205,b0189-rof
5206,b0190-yaeQ
5207,b0191-arfB
5208,b0192-nlpE
5209,b0193-yaeF
5210,b0194-proS
5211,b0195-tsaA
5212,b0196-rcsF
5213,b0200-gmhB
5214,b0207-dkgB
5215,b0208-yafC
5216,b0209-yafD
5217,b0210-yafE
5218,b0211-mltD
5219,b0212-gloB
5220,b0213-yafS
5221,b0214-rnhA
5222,b0215-dnaQ
5223,b0217-yafT
5224,b0218-yafU
5225,b0219-yafV
5226,b0220-ivy
5227,b0221-fadE
5228,b0222-gmhA
5229,b0223-yafJ
5234,b0224-yafK
5235,b0227-yafL
5236,b0228-rayT
5237,b0229-lfhA
5238,b0230-lafU
5239,b0231-dinB
5240,b0232-yafN
5241,b0233-yafO
5242,b0234-yafP
5243,b0235-ykfJ
5244,b0236-prfH
5245,b0237-pepD
5246,b0238-gpt
5247,b0239-frsA
5248,b0240-crl
5249,b0241-phoE
5250,b0242-proB
5251,b0243-proA
5252,b0245-ykfI
5253,b0246-yafW
5254,b0247-ykfG
5255,b0248-yafX
5256,b0249-ykfF
5257,b0250-ykfB
5258,b0251-yafY
5259,b0252-yafZ
5260,b0253-ykfA
5261,b0254-perR
5262,b0258-ykfC
5263,b0260-mmuP
5264,b0261-mmuM
5265,b0262-fbpC
5266,b0263-fbpB
5267,b0266-yagB
5268,b0267-yagA
5269,b0268-yagE
5270,b0269-yagF
5271,b0270-yagG
5272,b0271-yagH
5273,b0272-yagI
5286,b0273-argF
5287,b0276-yagJ
5288,b0278-yagL
5289,b0279-yagM
5290,b0280-yagN
5291,b0281-intF
5292,b0283-yagQ
5293,b0284-yagR
5294,b0285-yagS
5295,b0286-yagT
5296,b0287-yagU
5297,b0288-ykgJ
5298,b0289-ecpE
5299,b0290-ecpD
5300,b0291-ecpC
5301,b0292-ecpB
5302,b0295-ykgL
5303,b0297-eaeH
5304,b0300-ykgA
5305,b0306-ykgE
5306,b0307-ykgF
5307,b0308-ykgG
5308,b0310-ykgH
5309,b0315-yahA
5310,b0316-yahB
5311,b0317-yahC
5312,b0318-yahD
5313,b0319-yahE
5314,b0320-yahF
5315,b0321-yahG
5316,b0323-yahI
5317,b0324-yahJ
5318,b0325-yahK
5319,b0326-yahL
5320,b0327-yahM
5321,b0328-yahN
5322,b0329-yahO
5323,b0331-prpB
5324,b0336-codB
5325,b0337-codA
5326,b0353-mhpT
5327,b0354-yaiL
5328,b0355-frmB
5329,b0356-frmA
5330,b0357-frmR
5331,b0358-yaiO
5332,b0363-yaiP
5333,b0364-yaiS
5334,b0369-hemB
5335,b0375-yaiV
5336,b0376-ampH
5337,b0377-sbmA
5338,b0378-yaiW
5339,b0379-yaiY
5340,b0380-yaiZ
5341,b0381-ddlA
5342,b0382-iraP
5343,b0383-phoA
5344,b0384-psiF
5345,b0385-adrA
5358,b0386-proC
5359,b0387-yaiI
5360,b0391-yaiE
5361,b0392-ykiA
5362,b0393-rdgC
5363,b0394-mak
5364,b0396-araJ
5365,b0397-sbcC
5366,b0398-sbcD
5367,b0399-phoB
5368,b0400-phoR
5369,b0401-brnQ
5370,b0402-proY
5371,b0404-acpH
5372,b0405-queA
5373,b0406-tgt
5374,b0407-yajC
5375,b0408-secD
5376,b0409-secF
5377,b0410-yajD
5378,b0412-yajI
5379,b0414-ribD
5380,b0415-ribE
5381,b0416-nusB
5382,b0417-thiL
5383,b0418-pgpA
5384,b0419-yajO
5385,b0420-dxs
5386,b0421-ispA
5387,b0422-xseB
5388,b0423-thiI
5389,b0424-yajL
5390,b0425-panE
5391,b0426-yajQ
5392,b0427-yajR
5393,b0428-cyoE
5394,b0429-cyoD
5395,b0430-cyoC
5396,b0431-cyoB
5397,b0432-cyoA
5398,b0433-ampG
5399,b0434-yajG
5400,b0436-tig
5401,b0437-clpP
5402,b0438-clpX
5403,b0439-lon
5404,b0440-hupB
5405,b0441-ppiD
5406,b0442-ybaV
5407,b0443-fadM
5408,b0444-queC
5409,b0445-ybaE
5410,b0446-cof
5411,b0447-ybaO
5412,b0448-mdlA
5413,b0449-mdlB
5414,b0450-glnK
5415,b0451-amtB
5416,b0452-tesB
5417,b0453-ybaY
5418,b0454-atl
5419,b0456-ybaA
5420,b0457-ylaB
5421,b0458-ylaC
5422,b0459-maa
5423,b0462-acrB
5424,b0465-mscK
5425,b0466-ybaM
5426,b0467-priC
5427,b0468-ybaN
5428,b0469-apt
5429,b0470-dnaX
5430,b0471-ybaB
5431,b0472-recR
5432,b0474-adk
5433,b0475-hemH
5434,b0476-aes
5435,b0477-gsk
5436,b0478-ybaL
5437,b0479-fsr
5438,b0480-ushA
5439,b0481-ybaK
5440,b0482-ybaP
5441,b0483-ybaQ
5442,b0485-glsA1
5443,b0486-ybaT
5444,b0488-ybbJ
5445,b0489-qmcA
5446,b0490-fetA
5447,b0491-fetB
5448,b0492-ybbN
5449,b0493-ybbO
5450,b0494-tesA
5451,b0495-ybbA
5452,b0496-ybbP
5453,b0497-rhsD
5454,b0498-ybbC
5455,b0499-ylbH
5456,b0501-ybbD
5457,b0502-ylbG
5466,b0503-selU
5467,b0518-fdrA
5468,b0520-ylbF
5469,b0521-arcC
5470,b0522-purK
5471,b0523-purE
5472,b0524-lpxH
5473,b0525-ppiB
5474,b0526-cysS
5475,b0527-ybcI
5476,b0528-ybcJ
5477,b0529-folD
5478,b0530-sfmA
5479,b0531-sfmC
5480,b0532-sfmD
5481,b0533-sfmH
5482,b0534-sfmF
5483,b0535-fimZ
5484,b0537-intD
5485,b0539-exoD
5486,b0542-renD
5487,b0543-emrE
5488,b0544-ybcK
5489,b0545-ybcL
5490,b0546-ybcM
5491,b0547-ybcN
5492,b0548-ninE
5493,b0549-ybcO
5494,b0550-rusA
5495,b0551-quuD
5496,b0554-essD
5497,b0555-rrrD
5498,b0556-rzpD
5499,b0557-borD
5500,b0558-ybcV
5501,b0559-ybcW
5502,b0561-tfaD
5503,b0562-ybcY
5504,b0563-tfaX
5505,b0565-ompT
5506,b0567-ybcH
5507,b0568-nfrA
5508,b0569-nfrB
5509,b0576-pheP
5510,b0577-ybdG
5511,b0578-nfsB
5512,b0579-ybdF
5513,b0580-ybdJ
5514,b0581-ybdK
5515,b0583-entD
5532,b0584-fepA
5533,b0585-fes
5534,b0586-entF
5535,b0587-fepE
5536,b0588-fepC
5537,b0589-fepG
5538,b0590-fepD
5539,b0591-entS
5540,b0592-fepB
5541,b0593-entC
5542,b0594-entE
5543,b0595-entB
5544,b0596-entA
5545,b0597-entH
5546,b0598-cstA
5547,b0599-ybdH
5548,b0600-ybdL
5549,b0601-ybdM
5550,b0602-ybdN
5551,b0603-ybdO
5552,b0604-dsbG
5553,b0607-uspG
5554,b0608-ybdR
5555,b0610-rnk
5556,b0611-rna
5557,b0612-citT
5558,b0621-dcuC
5559,b0622-pagP
5560,b0624-crcB
5561,b0627-tatE
5562,b0628-lipA
5563,b0629-ybeF
5564,b0630-lipB
5565,b0631-ybeD
5566,b0632-dacA
5567,b0633-rlpA
5568,b0634-mrdB
5569,b0635-mrdA
5570,b0636-rlmH
5571,b0637-rsfS
5572,b0638-cobC
5573,b0639-nadD
5574,b0640-holA
5575,b0641-lptE
5576,b0642-leuS
5577,b0643-ybeL
5578,b0644-ybeQ
5579,b0645-ybeR
5580,b0646-djlB
5581,b0647-ybeT
5586,b0648-ybeU
5587,b0649-djlC
5588,b0650-hscC
5589,b0651-rihA
5590,b0652-gltL
5591,b0653-gltK
5592,b0654-gltJ
5593,b0655-gltI
5594,b0657-lnt
5595,b0658-corC
5596,b0659-ybeY
5597,b0660-ybeZ
5598,b0661-miaB
5599,b0662-ubiF
5600,b0674-asnB
5601,b0675-nagD
5602,b0676-nagC
5603,b0677-nagA
5604,b0678-nagB
5605,b0679-nagE
5606,b0680-glnS
5607,b0681-chiP
5608,b0682-chiQ
5609,b0683-fur
5610,b0684-fldA
5611,b0685-ybfE
5612,b0686-ybfF
5613,b0687-seqA
5614,b0688-pgm
5615,b0689-ybfP
5616,b0691-ybfG
5617,b0692-potE
5618,b0693-speF
5619,b0695-kdpD
5620,b0699-ybfA
5621,b0700-rhsC
5622,b0702-ybfB
5623,b0703-ybfO
5624,b0704-ybfC
5625,b0705-ybfL
5626,b0706-ybfD
5627,b0707-ybgA
5628,b0708-phrB
5629,b0709-dtpD
5630,b0710-ybgI
5631,b0711-ybgJ
5632,b0712-ybgK
5633,b0713-ybgL
5634,b0714-nei
5635,b0715-abrB
5636,b0716-ybgO
5637,b0717-ybgP
5638,b0718-ybgQ
5639,b0719-ybgD
5640,b0720-gltA
5641,b0721-sdhC
5642,b0722-sdhD
5643,b0723-sdhA
5644,b0724-sdhB
5645,b0726-sucA
5646,b0727-sucB
5647,b0728-sucC
5648,b0729-sucD
5649,b0731-hrsA
5650,b0733-cydA
5651,b0734-cydB
5652,b0735-ybgE
5653,b0736-ybgC
5654,b0737-tolQ
5655,b0738-tolR
5656,b0739-tolA
5657,b0740-tolB
5658,b0741-pal
5659,b0742-ybgF
5660,b0752-zitB
5661,b0753-ybgS
5662,b0755-gpmA
5663,b0760-modF
5664,b0761-modE
5665,b0762-acrZ
5666,b0763-modA
5667,b0764-modB
5668,b0765-modC
5669,b0766-ybhA
5670,b0767-pgl
5671,b0768-ybhD
5672,b0769-ybhH
5673,b0770-ybhI
5674,b0771-ybhJ
5675,b0772-ybhC
5676,b0773-ybhB
5677,b0775-bioB
5678,b0779-uvrB
5679,b0780-ybhK
5680,b0786-ybhL
5681,b0787-ybhM
5682,b0788-ybhN
5683,b0789-clsB
5684,b0790-ybhP
5685,b0791-ybhQ
5686,b0792-ybhR
5687,b0793-ybhS
5688,b0794-ybhF
5689,b0795-ybhG
5690,b0796-ybiH
5691,b0797-rhlE
5692,b0798-ybiA
5693,b0799-dinG
5694,b0800-ybiB
5695,b0801-ybiC
5696,b0802-ybiJ
5697,b0803-ybiI
5698,b0804-ybiX
5699,b0805-fiu
5700,b0807-rlmF
5701,b0808-ybiO
5702,b0809-glnQ
5703,b0810-glnP
5704,b0811-glnH
5705,b0813-rhtA
5706,b0814-ompX
5707,b0815-opgE
5708,b0818-ybiR
5709,b0819-ybiS
5710,b0821-ybiU
5711,b0822-ybiV
5712,b0823-ybiW
5713,b0824-ybiY
5714,b0825-fsaA
5715,b0826-moeB
5716,b0827-moeA
5717,b0828-iaaA
5718,b0829-gsiA
5719,b0830-gsiB
5720,b0831-gsiC
5721,b0832-gsiD
5722,b0833-yliE
5723,b0834-yliF
5724,b0835-rimO
5725,b0836-bssR
5726,b0837-yliI
5727,b0838-gstB
5728,b0841-ybjG
5729,b0842-mdfA
5730,b0843-ybjH
5731,b0844-ybjI
5732,b0845-ybjJ
5733,b0847-ybjL
5734,b0848-ybjM
5735,b0849-grxA
5736,b0850-ybjC
5737,b0851-nfsA
5738,b0852-rimK
5739,b0853-ybjN
5740,b0854-potF
5741,b0855-potG
5742,b0856-potH
5743,b0857-potI
5744,b0858-ybjO
5745,b0859-rlmC
5746,b0860-artJ
5747,b0861-artM
5748,b0862-artQ
5749,b0863-artI
5750,b0864-artP
5751,b0865-ybjP
5752,b0866-ybjQ
5753,b0867-amiD
5754,b0868-ybjS
5755,b0869-ybjT
5756,b0870-ltaE
5757,b0871-poxB
5758,b0872-hcr
5759,b0873-hcp
5760,b0874-lysO
5761,b0875-aqpZ
5762,b0876-ybjD
5763,b0877-ybjX
5764,b0878-macA
5765,b0879-macB
5766,b0881-clpS
5767,b0882-clpA
5768,b0884-infA
5769,b0885-aat
5770,b0886-cydC
5771,b0887-cydD
5772,b0888-trxB
5773,b0889-lrp
5774,b0890-ftsK
5775,b0891-lolA
5776,b0892-rarA
5777,b0893-serS
5778,b0894-dmsA
5779,b0895-dmsB
5780,b0896-dmsC
5781,b0897-ycaC
5782,b0898-ycaD
5783,b0899-ycaM
5784,b0900-ycaN
5785,b0901-ycaK
5786,b0902-pflA
5787,b0903-pflB
5788,b0904-focA
5789,b0905-ycaO
5790,b0906-ycaP
5791,b0907-serC
5792,b0908-aroA
5793,b0909-ycaL
5794,b0910-cmk
5795,b0911-rpsA
5796,b0912-ihfB
5797,b0913-ycaI
5798,b0914-msbA
5799,b0915-lpxK
5800,b0916-ycaQ
5801,b0917-ycaR
5802,b0918-kdsB
5803,b0919-ycbJ
5804,b0920-elyC
5805,b0921-smtA
5806,b0922-mukF
5807,b0923-mukE
5808,b0924-mukB
5809,b0925-ycbB
5810,b0926-ycbK
5811,b0927-ycbL
5812,b0928-aspC
5813,b0930-asnS
5814,b0932-pepN
5815,b0938-elfA
5816,b0939-elfD
5817,b0940-elfC
5818,b0941-elfG
5819,b0942-ycbU
5820,b0943-ycbV
5821,b0944-ycbF
5822,b0945-pyrD
5823,b0946-zapC
5824,b0947-ycbX
5825,b0948-rlmL
5826,b0949-uup
5827,b0950-pqiA
5828,b0951-pqiB
5829,b0952-ymbA
5830,b0953-rmf
5831,b0955-ycbZ
5832,b0956-matP
5833,b0957-ompA
5834,b0959-sxy
5835,b0960-yccS
5836,b0961-yccF
5837,b0962-helD
5838,b0963-mgsA
5839,b0964-yccT
5840,b0965-yccU
5841,b0966-hspQ
5842,b0967-rlmI
5843,b0968-yccX
5844,b0969-tusE
5845,b0970-yccA
5846,b0972-hyaA
5847,b0973-hyaB
5848,b0974-hyaC
5849,b0975-hyaD
5850,b0976-hyaE
5851,b0977-hyaF
5852,b0978-appC
5853,b0979-appB
5854,b0980-appA
5855,b0981-etk
5856,b0982-etp
5857,b0983-gfcE
5858,b0984-gfcD
5859,b0985-gfcC
5860,b0986-gfcB
5861,b0987-gfcA
5862,b0989-cspH
5863,b0990-cspG
5864,b0991-ymcE
5865,b0992-yccM
5866,b0993-torS
5867,b0994-torT
5868,b0999-cbpM
5869,b1000-cbpA
5870,b1001-yccE
5871,b1002-agp
5872,b1003-yccJ
5873,b1004-wrbA
5874,b1006-rutG
5875,b1007-rutF
5876,b1008-rutE
5877,b1009-rutD
5878,b1010-rutC
5879,b1011-rutB
5880,b1012-rutA
5881,b1013-rutR
5882,b1018-efeO
5883,b1019-efeB
5884,b1020-phoH
5885,b1025-ycdT
5886,b1028-ymdE
5887,b1029-ycdU
5888,b1033-ghrA
5889,b1034-ycdX
5890,b1035-ycdY
5891,b1041-csgB
5892,b1042-csgA
5893,b1043-csgC
5894,b1044-ymdA
5895,b1045-ymdB
5896,b1046-clsC
5897,b1047-mdoC
5898,b1048-mdoG
5899,b1049-mdoH
5900,b1050-yceK
5901,b1051-msyB
5902,b1053-mdtG
5903,b1054-lpxL
5904,b1055-yceA
5905,b1056-yceI
5906,b1057-yceJ
5907,b1058-yceO
5908,b1059-solA
5909,b1060-bssS
5910,b1061-dinI
5911,b1062-pyrC
5912,b1063-yceB
5913,b1064-grxB
5914,b1065-mdtH
5915,b1066-rimJ
5916,b1067-yceH
5917,b1068-yceM
5918,b1069-murJ
5919,b1070-flgN
5920,b1071-flgM
5921,b1072-flgA
5922,b1073-flgB
5923,b1074-flgC
5924,b1075-flgD
5925,b1076-flgE
5926,b1077-flgF
5927,b1078-flgG
5928,b1079-flgH
5929,b1080-flgI
5930,b1081-flgJ
5931,b1082-flgK
5932,b1083-flgL
5933,b1084-rne
5934,b1085-yceQ
5935,b1086-rluC
5936,b1087-yceF
5937,b1088-yceD
5938,b1089-rpmF
5939,b1090-plsX
5940,b1091-fabH
5941,b1092-fabD
5942,b1093-fabG
5943,b1094-acpP
5944,b1095-fabF
5945,b1096-pabC
5946,b1097-yceG
5947,b1098-tmk
5948,b1099-holB
5949,b1100-ycfH
5950,b1102-fhuE
5951,b1103-hinT
5952,b1104-ycfL
5953,b1105-lpoB
5954,b1106-thiK
5955,b1107-nagZ
5956,b1108-ycfP
5957,b1109-ndh
5958,b1110-ycfJ
5959,b1113-ycfS
5960,b1114-mfd
5961,b1115-ycfT
5962,b1116-lolC
5963,b1117-lolD
5964,b1118-lolE
5965,b1119-nagK
5966,b1120-cobB
5967,b1121-ycfZ
5968,b1122-ymfA
5969,b1123-potD
5970,b1124-potC
5971,b1125-potB
5972,b1126-potA
5973,b1127-pepT
5974,b1128-roxA
5975,b1129-phoQ
5976,b1130-phoP
5977,b1131-purB
5978,b1132-hflD
5979,b1133-mnmA
5980,b1134-nudJ
5981,b1135-rluE
5982,b1136-icd
5983,b1137-ymfD
5984,b1138-ymfE
5985,b1139-lit
5986,b1140-intE
5987,b1141-xisE
5988,b1143-ymfI
5989,b1144-ymfJ
5990,b1145-cohE
5991,b1146-croE
5992,b1147-ymfL
5993,b1148-ymfM
5994,b1150-ymfR
5995,b1151-beeE
5996,b1152-jayE
5997,b1153-ymfQ
5998,b1154-stfP
5999,b1155-ymfS
6000,b1156-tfaE
6001,b1157-stfE
6002,b1158-pinE
6003,b1159-mcrA
6004,b1160-iraM
6005,b1161-ycgX
6006,b1168-ycgG
6007,b1171-ymgD
6008,b1172-ymgG
6009,b1174-minE
6010,b1175-minD
6011,b1176-minC
6012,b1177-ycgJ
6013,b1178-pliG
6014,b1179-ycgL
6015,b1180-ycgM
6016,b1181-ycgN
6017,b1183-umuD
6018,b1184-umuC
6019,b1185-dsbB
6020,b1186-nhaB
6021,b1187-fadR
6022,b1188-ycgB
6023,b1189-dadA
6024,b1190-dadX
6025,b1191-cvrA
6026,b1192-ldcA
6027,b1193-emtA
6028,b1194-ycgR
6029,b1195-ymgE
6030,b1196-ycgY
6031,b1197-treA
6032,b1202-ycgV
6033,b1203-ychF
6034,b1204-pth
6035,b1205-ychH
6036,b1206-dauA
6037,b1207-prs
6038,b1208-ispE
6039,b1209-lolB
6040,b1210-hemA
6041,b1211-prfA
6042,b1212-prmC
6043,b1213-sirB2
6044,b1214-sirB1
6045,b1215-kdsA
6046,b1216-chaA
6047,b1217-chaB
6048,b1218-chaC
6049,b1219-ychN
6050,b1220-ychO
6051,b1221-narL
6052,b1222-narX
6053,b1223-narK
6054,b1229-tpr
6055,b1232-purU
6056,b1233-ychJ
6057,b1234-rssA
6058,b1235-rssB
6059,b1236-galU
6060,b1238-tdk
6061,b1241-adhE
6062,b1242-ychE
6063,b1243-oppA
6064,b1244-oppB
6065,b1245-oppC
6066,b1246-oppD
6067,b1247-oppF
6068,b1248-yciU
6069,b1249-clsA
6070,b1250-kch
6071,b1251-yciI
6072,b1252-tonB
6073,b1253-yciA
6074,b1254-yciB
6075,b1255-yciC
6076,b1256-ompW
6077,b1266-yciV
6078,b1267-yciO
6079,b1268-yciQ
6080,b1269-rluB
6081,b1270-btuR
6082,b1271-yciK
6083,b1272-sohB
6084,b1273-yciN
6085,b1274-topA
6086,b1275-cysB
6087,b1276-acnA
6088,b1277-ribA
6089,b1278-pgpB
6090,b1279-lapA
6091,b1280-lapB
6092,b1281-pyrF
6093,b1282-yciH
6094,b1283-osmB
6095,b1284-yciT
6096,b1285-gmr
6097,b1286-rnb
6098,b1287-yciW
6099,b1288-fabI
6100,b1289-ycjD
6101,b1290-sapF
6102,b1291-sapD
6103,b1292-sapC
6104,b1293-sapB
6105,b1294-sapA
6106,b1295-ymjA
6107,b1309-ycjM
6108,b1310-ycjN
6109,b1311-ycjO
6110,b1312-ycjP
6111,b1313-ycjQ
6112,b1314-ycjR
6113,b1315-ycjS
6114,b1316-ycjT
6115,b1317-ycjU
6116,b1319-ompG
6117,b1320-ycjW
6118,b1321-ycjX
6119,b1322-ycjF
6120,b1324-tpx
6121,b1325-ycjG
6122,b1329-mppA
6123,b1330-ynaI
6124,b1332-ynaJ
6125,b1333-uspE
6126,b1334-fnr
6127,b1335-ogt
6128,b1336-abgT
6129,b1337-abgB
6130,b1338-abgA
6131,b1339-abgR
6132,b1340-smrA
6133,b1341-ydaM
6134,b1342-zntB
6135,b1343-dbpA
6140,b1344-ttcA
6141,b1345-intR
6142,b1346-ydaQ
6143,b1347-rcbA
6144,b1348-ralR
6145,b1349-recT
6146,b1350-recE
6147,b1351-racC
6148,b1352-kilR
6149,b1353-sieB
6150,b1355-ydaG
6151,b1356-racR
6152,b1357-ydaS
6153,b1358-ydaT
6154,b1359-ydaU
6155,b1360-ydaV
6156,b1361-ydaW
6157,b1362-rzpR
6158,b1363-trkG
6159,b1365-ynaK
6160,b1366-ydaY
6161,b1368-ynaA
6162,b1370-insH5
6163,b1372-stfR
6164,b1374-pinR
6165,b1375-ynaE
6166,b1376-uspF
6167,b1377-ompN
6168,b1378-ydbK
6169,b1379-hslJ
6170,b1380-ldhA
6171,b1381-ydbH
6172,b1382-ynbE
6173,b1383-ydbL
6174,b1392-paaE
6175,b1400-paaY
6176,b1406-ydbC
6177,b1407-ydbD
6178,b1408-ynbA
6179,b1409-ynbB
6180,b1410-ynbC
6181,b1411-ynbD
6182,b1412-azoR
6183,b1413-hrpA
6184,b1414-ydcF
6185,b1418-cybB
6186,b1419-ydcA
6187,b1420-mokB
6188,b1421-trg
6189,b1422-ydcI
6190,b1423-ydcJ
6191,b1424-mdoD
6192,b1426-ydcH
6193,b1427-rimL
6194,b1428-ydcK
6195,b1429-tehA
6196,b1430-tehB
6197,b1431-ydcL
6198,b1432-insQ
6199,b1433-ydcO
6200,b1434-sutR
6201,b1435-ydcP
6202,b1436-yncJ
6203,b1438-hicB
6204,b1439-ydcR
6205,b1440-ydcS
6206,b1441-ydcT
6207,b1442-ydcU
6208,b1443-ydcV
6209,b1444-prr
6210,b1445-ortT
6211,b1446-ydcY
6212,b1447-ydcZ
6213,b1448-mnaT
6214,b1449-curA
6215,b1451-yncD
6216,b1452-yncE
6217,b1453-ansP
6218,b1454-yncG
6219,b1455-yncH
6220,b1456-rhsE
6221,b1457-ydcD
6222,b1459-yncI
6223,b1461-pptA
6224,b1462-yddH
6225,b1463-nhoA
6226,b1464-yddE
6227,b1465-narV
6228,b1466-narW
6229,b1467-narY
6230,b1468-narZ
6231,b1469-narU
6232,b1471-yddK
6233,b1472-yddL
6234,b1473-yddG
6235,b1474-fdnG
6236,b1475-fdnH
6237,b1476-fdnI
6238,b1477-yddM
6239,b1478-adhP
6240,b1479-maeA
6241,b1480-sra
6242,b1481-bdm
6243,b1483-ddpF
6244,b1484-ddpD
6245,b1485-ddpC
6246,b1486-ddpB
6247,b1487-ddpA
6248,b1488-ddpX
6249,b1489-dosP
6250,b1490-dosC
6251,b1491-yddW
6252,b1494-pqqL
6253,b1495-yddB
6254,b1496-yddA
6255,b1497-ydeM
6256,b1498-ydeN
6257,b1501-ydeP
6258,b1502-ydeQ
6259,b1503-ydeR
6260,b1504-ydeS
6261,b1505-ydeT
6262,b1506-yneL
6263,b1520-yneE
6264,b1522-yneF
6265,b1523-yneG
6266,b1524-glsA2
6267,b1525-sad
6268,b1526-yneJ
6269,b1527-yneK
6270,b1528-sotB
6271,b1529-marC
6272,b1533-eamA
6273,b1534-ydeE
6274,b1535-ydeH
6275,b1537-ydeJ
6276,b1538-dcp
6277,b1539-ydfG
6278,b1540-rspR
6279,b1541-ydfZ
6280,b1542-ydfI
6281,b1547-stfQ
6282,b1549-ydfO
6283,b1550-gnsB
6284,b1551-ynfN
6285,b1553-rzpQ
6286,b1554-arrQ
6287,b1555-ydfR
6288,b1556-essQ
6289,b1557-cspB
6290,b1558-cspF
6291,b1559-quuQ
6292,b1560-ydfU
6293,b1561-rem
6294,b1565-ydfV
6295,b1566-flxA
6296,b1571-ydfA
6297,b1573-ydfC
6298,b1580-rspB
6299,b1581-rspA
6300,b1582-ynfA
6301,b1583-ynfB
6302,b1584-speG
6303,b1585-ynfC
6304,b1586-ynfD
6305,b1587-ynfE
6306,b1588-ynfF
6307,b1589-ynfG
6308,b1590-ynfH
6309,b1591-dmsD
6310,b1592-clcB
6311,b1595-ynfL
6312,b1596-ynfM
6313,b1598-ydgD
6314,b1599-mdtI
6315,b1600-mdtJ
6316,b1601-tqsA
6317,b1602-pntB
6318,b1603-pntA
6319,b1604-ydgH
6320,b1605-ydgI
6321,b1606-folM
6322,b1607-ydgC
6323,b1609-rstB
6324,b1610-tus
6325,b1612-fumA
6326,b1613-manA
6327,b1614-ydgA
6328,b1619-hdhA
6329,b1624-ydgJ
6330,b1625-cnu
6331,b1626-ydgK
6332,b1627-rsxA
6333,b1628-rsxB
6334,b1629-rsxC
6335,b1630-rsxD
6336,b1631-rsxG
6337,b1632-rsxE
6338,b1633-nth
6339,b1634-dtpA
6340,b1635-gstA
6341,b1636-pdxY
6342,b1637-tyrS
6343,b1638-pdxH
6344,b1639-mliC
6345,b1640-anmK
6346,b1641-slyB
6347,b1643-ydhI
6348,b1644-ydhJ
6349,b1645-ydhK
6350,b1646-sodC
6351,b1647-ydhF
6352,b1648-ydhL
6353,b1652-rnt
6354,b1653-lhr
6355,b1654-grxD
6356,b1655-mepH
6357,b1656-sodB
6358,b1657-ydhP
6359,b1658-purR
6360,b1659-ydhB
6361,b1660-ydhC
6362,b1661-cfa
6363,b1662-ribC
6364,b1663-mdtK
6365,b1664-ydhQ
6366,b1667-ydhR
6367,b1668-ydhS
6368,b1669-ydhT
6369,b1670-ydhU
6370,b1671-ydhX
6371,b1672-ydhW
6372,b1673-ydhV
6373,b1674-ydhY
6374,b1675-ydhZ
6375,b1676-pykF
6376,b1677-lpp
6377,b1678-ynhG
6378,b1679-sufE
6379,b1680-sufS
6380,b1681-sufD
6381,b1682-sufC
6382,b1683-sufB
6383,b1684-sufA
6384,b1685-ydiH
6385,b1686-menI
6386,b1687-ydiJ
6387,b1688-ydiK
6388,b1689-ydiL
6389,b1690-ydiM
6390,b1691-ydiN
6391,b1692-ydiB
6392,b1693-aroD
6393,b1694-ydiF
6394,b1695-ydiO
6395,b1696-ydiP
6396,b1697-ydiQ
6397,b1698-ydiR
6398,b1699-ydiS
6399,b1700-ydiT
6400,b1701-fadK
6401,b1702-ppsA
6402,b1703-ppsR
6403,b1705-ydiE
6404,b1706-ydiU
6405,b1708-nlpC
6406,b1709-btuD
6407,b1710-btuE
6408,b1711-btuC
6409,b1712-ihfA
6410,b1713-pheT
6411,b1714-pheS
6412,b1715-pheM
6413,b1716-rplT
6414,b1717-rpmI
6415,b1718-infC
6416,b1719-thrS
6417,b1722-ydiY
6418,b1723-pfkB
6419,b1724-ydiZ
6420,b1725-yniA
6421,b1726-yniB
6422,b1727-yniC
6423,b1728-ydjM
6424,b1729-ydjN
6425,b1730-ydjO
6426,b1731-cedA
6427,b1732-katE
6428,b1739-osmE
6429,b1740-nadE
6430,b1741-cho
6431,b1742-ves
6432,b1744-astE
6433,b1745-astB
6434,b1746-astD
6435,b1747-astA
6436,b1748-astC
6437,b1749-xthA
6438,b1750-ydjX
6439,b1751-ydjY
6440,b1752-ydjZ
6441,b1753-ynjA
6442,b1754-ynjB
6443,b1755-ynjC
6444,b1756-ynjD
6445,b1757-ynjE
6446,b1758-ynjF
6447,b1759-nudG
6448,b1760-ynjH
6449,b1761-gdhA
6450,b1762-ynjI
6451,b1763-topB
6452,b1764-selD
6453,b1765-ydjA
6454,b1766-sppA
6455,b1767-ansA
6456,b1768-pncA
6457,b1769-ydjE
6458,b1770-ydjF
6459,b1771-ydjG
6460,b1772-ydjH
6461,b1773-ydjI
6462,b1774-ydjJ
6463,b1775-ydjK
6464,b1776-ydjL
6465,b1777-yeaC
6466,b1778-msrB
6467,b1779-gapA
6468,b1780-yeaD
6469,b1781-yeaE
6470,b1782-mipA
6471,b1783-yeaG
6472,b1784-yeaH
6473,b1785-yeaI
6474,b1786-yeaJ
6475,b1787-yeaK
6476,b1788-yoaI
6477,b1789-yeaL
6478,b1790-nimR
6479,b1791-nimT
6480,b1792-yeaO
6481,b1793-yoaF
6482,b1794-yeaP
6483,b1795-yeaQ
6484,b1796-yoaG
6485,b1797-yeaR
6486,b1798-leuE
6487,b1799-dmlR
6488,b1800-dmlA
6489,b1801-yeaV
6490,b1802-yeaW
6491,b1803-yeaX
6492,b1804-rnd
6493,b1805-fadD
6494,b1806-yeaY
6495,b1807-tsaB
6496,b1808-yoaA
6497,b1809-yoaB
6498,b1810-yoaC
6499,b1811-yoaH
6500,b1812-pabB
6501,b1813-nudL
6502,b1814-sdaA
6503,b1815-adrB
6504,b1816-yoaE
6505,b1820-yobD
6506,b1822-rlmA
6507,b1823-cspC
6508,b1824-yobF
6509,b1825-yebO
6510,b1826-mgrB
6511,b1828-yebQ
6512,b1829-htpX
6513,b1830-prc
6514,b1831-proQ
6515,b1832-msrC
6516,b1833-yebS
6517,b1834-yebT
6518,b1835-rsmF
6519,b1836-yebV
6520,b1837-yebW
6521,b1838-pphA
6522,b1839-yebY
6523,b1840-yebZ
6524,b1841-yobA
6525,b1842-holE
6526,b1843-yobB
6527,b1844-exoX
6528,b1845-ptrB
6529,b1846-yebE
6530,b1847-yebF
6531,b1848-yebG
6532,b1849-purT
6533,b1852-zwf
6534,b1853-hexR
6535,b1854-pykA
6536,b1855-lpxM
6537,b1856-mepM
6538,b1860-ruvB
6539,b1861-ruvA
6540,b1862-yebB
6541,b1863-ruvC
6542,b1864-yebC
6543,b1865-nudB
6544,b1866-aspS
6545,b1867-yecD
6546,b1868-yecE
6547,b1869-yecN
6548,b1870-cmoA
6549,b1871-cmoB
6550,b1872-torZ
6551,b1873-torY
6552,b1874-cutC
6553,b1875-yecM
6554,b1876-argS
6555,b1877-yecT
6556,b1878-flhE
6557,b1879-flhA
6558,b1880-flhB
6559,b1881-cheZ
6560,b1882-cheY
6561,b1883-cheB
6562,b1884-cheR
6563,b1885-tap
6564,b1886-tar
6565,b1887-cheW
6566,b1888-cheA
6567,b1889-motB
6568,b1890-motA
6569,b1895-uspC
6570,b1896-otsA
6571,b1897-otsB
6572,b1900-araG
6573,b1901-araF
6574,b1902-ftnB
6575,b1904-yecR
6576,b1905-ftnA
6577,b1906-yecH
6578,b1908-yecA
6579,b1912-pgsA
6580,b1913-uvrC
6581,b1914-uvrY
6582,b1915-yecF
6583,b1917-yecC
6584,b1918-yecS
6585,b1919-dcyD
6586,b1924-fliD
6587,b1925-fliS
6588,b1926-fliT
6589,b1927-amyA
6590,b1928-yedD
6591,b1929-yedE
6592,b1930-yedF
6593,b1931-yedK
6594,b1932-yedL
6595,b1936-intG
6596,b1937-fliE
6597,b1938-fliF
6598,b1939-fliG
6599,b1940-fliH
6600,b1941-fliI
6601,b1942-fliJ
6602,b1943-fliK
6603,b1944-fliL
6604,b1945-fliM
6605,b1946-fliN
6606,b1947-fliO
6607,b1948-fliP
6608,b1949-fliQ
6609,b1950-fliR
6610,b1951-rcsA
6611,b1952-dsrB
6612,b1953-yodD
6613,b1955-yedP
6614,b1956-yedQ
6615,b1957-yodC
6616,b1958-yedI
6617,b1959-yedA
6618,b1960-vsr
6619,b1961-dcm
6620,b1962-yedJ
6621,b1963-yedR
6622,b1967-hchA
6623,b1968-yedV
6624,b1969-yedW
6625,b1970-hiuH
6626,b1971-yedY
6627,b1972-yedZ
6628,b1974-yodB
6629,b1976-mtfA
6630,b1978-yeeJ
6631,b1981-shiA
6632,b1982-amn
6633,b1983-yeeN
6634,b1985-yeeO
6635,b1988-nac
6636,b1990-erfK
6637,b1991-cobT
6638,b1992-cobS
6639,b1993-cobU
6640,b1999-yeeP
6641,b2000-flu
6642,b2001-yeeR
6643,b2002-yeeS
6644,b2003-yeeT
6645,b2004-cbeA
6646,b2005-cbtA
6647,b2006-yeeW
6648,b2007-yeeX
6649,b2008-yeeA
6650,b2009-sbmC
6651,b2010-dacD
6652,b2011-sbcB
6653,b2012-yeeD
6654,b2013-yeeE
6655,b2014-plaP
6656,b2015-yeeY
6657,b2016-yeeZ
6658,b2018-hisL
6659,b2019-hisG
6660,b2020-hisD
6661,b2021-hisC
6662,b2022-hisB
6663,b2023-hisH
6664,b2024-hisA
6665,b2025-hisF
6666,b2026-hisI
6667,b2027-wzzB
6668,b2028-ugd
6669,b2029-gnd
6670,b2032-wbbK
6671,b2033-wbbJ
6672,b2034-wbbI
6673,b2035-rfc
6674,b2036-glf
6675,b2037-rfbX
6676,b2038-rfbC
6677,b2039-rfbA
6678,b2040-rfbD
6679,b2041-rfbB
6680,b2042-galF
6681,b2043-wcaM
6682,b2044-wcaL
6683,b2045-wcaK
6684,b2046-wzxC
6685,b2047-wcaJ
6686,b2048-manB
6687,b2049-manC
6688,b2050-wcaI
6689,b2051-gmm
6690,b2052-fcl
6691,b2053-gmd
6692,b2054-wcaF
6693,b2055-wcaE
6694,b2056-wcaD
6695,b2057-wcaC
6696,b2058-wcaB
6697,b2059-wcaA
6698,b2060-wzc
6699,b2061-wzb
6700,b2062-wza
6701,b2063-yegH
6702,b2064-asmA
6703,b2065-dcd
6704,b2066-udk
6705,b2067-yegE
6706,b2069-yegD
6707,b2070-yegI
6708,b2071-yegJ
6709,b2072-yegK
6710,b2073-yegL
6711,b2080-yegP
6712,b2081-yegQ
6713,b2082-ogrK
6714,b2083-yegZ
6715,b2085-yegR
6716,b2086-yegS
6717,b2097-fbaB
6718,b2098-yegT
6719,b2099-yegU
6720,b2100-yegV
6721,b2101-yegW
6722,b2102-yegX
6723,b2103-thiD
6724,b2104-thiM
6725,b2108-yehA
6726,b2109-yehB
6727,b2110-yehC
6728,b2111-yehD
6729,b2112-yehE
6730,b2113-mrp
6731,b2114-metG
6732,b2118-yehI
6733,b2119-yehL
6734,b2120-yehM
6735,b2121-yehP
6736,b2122-yehQ
6737,b2123-yehR
6738,b2124-yehS
6739,b2126-yehU
6740,b2128-yehW
6741,b2129-yehX
6742,b2130-yehY
6743,b2131-osmF
6744,b2132-bglX
6745,b2133-dld
6746,b2134-pbpG
6747,b2135-yohC
6748,b2136-yohD
6749,b2137-yohF
6750,b2139-mdtQ
6751,b2140-dusC
6752,b2141-yohJ
6753,b2142-yohK
6754,b2144-sanA
6755,b2145-yeiS
6756,b2146-preT
6757,b2147-preA
6758,b2154-yeiG
6759,b2155-cirA
6760,b2156-lysP
6761,b2157-yeiE
6762,b2158-yeiH
6763,b2159-nfo
6764,b2160-yeiI
6765,b2161-nupX
6766,b2162-rihB
6767,b2164-psuT
6768,b2165-psuG
6769,b2166-psuK
6770,b2167-fruA
6771,b2168-fruK
6772,b2169-fruB
6773,b2170-setB
6774,b2171-yeiP
6775,b2172-yeiQ
6776,b2173-yeiR
6777,b2174-lpxT
6778,b2175-mepS
6779,b2176-rtn
6780,b2177-yejA
6781,b2178-yejB
6782,b2179-yejE
6783,b2180-yejF
6784,b2181-yejG
6785,b2182-bcr
6786,b2183-rsuA
6787,b2184-yejH
6788,b2185-rplY
6789,b2186-yejK
6790,b2187-yejL
6791,b2188-yejM
6792,b2190-yejO
6793,b2193-narP
6794,b2194-ccmH
6795,b2195-dsbE
6796,b2196-ccmF
6797,b2197-ccmE
6798,b2198-ccmD
6799,b2199-ccmC
6800,b2200-ccmB
6801,b2201-ccmA
6802,b2202-napC
6803,b2203-napB
6804,b2204-napH
6805,b2205-napG
6806,b2206-napA
6807,b2207-napD
6808,b2208-napF
6809,b2209-eco
6810,b2210-mqo
6811,b2211-yojI
6812,b2214-apbE
6813,b2216-rcsD
6814,b2218-rcsC
6815,b2219-atoS
6816,b2225-yfaP
6817,b2226-yfaQ
6818,b2229-yfaT
6819,b2230-yfaA
6820,b2232-ubiG
6821,b2233-yfaL
6822,b2237-inaA
6823,b2238-yfaH
6824,b2244-yfaD
6825,b2245-rhmA
6826,b2246-rhmT
6827,b2247-rhmD
6828,b2248-rhmR
6829,b2249-yfaY
6830,b2250-yfaZ
6831,b2251-nudI
6832,b2252-ais
6833,b2253-arnB
6834,b2254-arnC
6835,b2255-arnA
6836,b2256-arnD
6837,b2257-arnT
6838,b2258-arnF
6839,b2259-pmrD
6840,b2260-menE
6841,b2261-menC
6842,b2262-menB
6843,b2263-menH
6844,b2264-menD
6845,b2265-menF
6846,b2266-elaB
6847,b2267-elaA
6848,b2268-rbn
6849,b2269-elaD
6850,b2270-yfbK
6851,b2271-yfbL
6852,b2272-yfbM
6853,b2273-yfbN
6854,b2274-yfbO
6855,b2275-yfbP
6856,b2276-nuoN
6857,b2277-nuoM
6858,b2278-nuoL
6859,b2279-nuoK
6860,b2280-nuoJ
6861,b2281-nuoI
6862,b2282-nuoH
6863,b2283-nuoG
6864,b2284-nuoF
6865,b2285-nuoE
6866,b2286-nuoC
6867,b2287-nuoB
6868,b2288-nuoA
6869,b2290-alaA
6870,b2291-yfbR
6871,b2292-yfbS
6872,b2293-yfbT
6873,b2294-yfbU
6874,b2295-yfbV
6875,b2296-ackA
6876,b2297-pta
6877,b2298-yfcC
6878,b2299-yfcD
6879,b2300-yfcE
6880,b2301-yfcF
6881,b2302-yfcG
6882,b2303-folX
6883,b2304-yfcH
6884,b2305-yfcI
6885,b2306-hisP
6886,b2307-hisM
6887,b2308-hisQ
6888,b2309-hisJ
6889,b2310-argT
6890,b2311-ubiX
6891,b2312-purF
6892,b2313-cvpA
6893,b2314-dedD
6894,b2315-folC
6895,b2316-accD
6896,b2317-dedA
6897,b2318-truA
6898,b2319-usg
6899,b2320-pdxB
6900,b2321-flk
6901,b2322-yfcJ
6902,b2324-mnmC
6903,b2325-yfcL
6904,b2326-epmC
6905,b2327-yfcA
6906,b2328-mepA
6907,b2329-aroC
6908,b2330-prmB
6909,b2331-yfcN
6910,b2332-yfcO
6911,b2333-yfcP
6912,b2334-yfcQ
6913,b2335-yfcR
6914,b2336-yfcS
6915,b2339-yfcV
6916,b2340-sixA
6917,b2341-fadJ
6918,b2342-fadI
6919,b2343-yfcZ
6920,b2344-fadL
6921,b2345-yfdF
6922,b2346-mlaA
6923,b2347-yfdC
6924,b2349-intS
6925,b2350-yfdG
6926,b2351-yfdH
6927,b2352-yfdI
6928,b2353-tfaS
6929,b2354-yfdK
6930,b2355-yfdL
6931,b2356-yfdM
6932,b2357-yfdN
6933,b2358-yfdO
6934,b2359-yfdP
6935,b2360-yfdQ
6936,b2361-yfdR
6937,b2362-yfdS
6938,b2363-yfdT
6939,b2367-emrY
6940,b2368-emrK
6941,b2369-evgA
6942,b2370-evgS
6943,b2371-yfdE
6944,b2372-yfdV
6945,b2373-oxc
6946,b2374-frc
6947,b2375-yfdX
6948,b2376-ypdI
6949,b2377-yfdY
6950,b2378-lpxP
6951,b2380-ypdA
6952,b2382-ypdC
6953,b2383-fryA
6954,b2384-ypdE
6955,b2385-ypdF
6956,b2386-fryC
6957,b2387-fryB
6958,b2388-glk
6959,b2389-yfeO
6960,b2390-ypeC
6961,b2395-yfeA
6962,b2398-yfeC
6963,b2399-yfeD
6964,b2400-gltX
6965,b2408-yfeN
6966,b2409-yfeR
6967,b2410-yfeH
6968,b2411-ligA
6969,b2412-zipA
6970,b2413-cysZ
6971,b2414-cysK
6972,b2418-pdxK
6973,b2419-yfeK
6974,b2420-yfeS
6975,b2421-cysM
6976,b2422-cysA
6977,b2423-cysW
6978,b2424-cysU
6979,b2425-cysP
6980,b2426-ucpA
6981,b2430-yfeW
6982,b2431-yfeX
6983,b2432-yfeY
6984,b2433-yfeZ
6985,b2434-ypeA
6986,b2435-amiA
6987,b2436-hemF
6988,b2437-eutR
6989,b2438-eutK
6990,b2439-eutL
6991,b2440-eutC
6992,b2441-eutB
6993,b2442-intZ
6994,b2443-yffL
6995,b2444-yffM
6996,b2445-yffN
6997,b2446-yffO
6998,b2447-yffP
6999,b2448-yffQ
7000,b2449-yffR
7001,b2450-yffS
7002,b2451-eutA
7003,b2452-eutH
7004,b2453-eutG
7005,b2454-eutJ
7006,b2455-eutE
7007,b2456-eutN
7008,b2457-eutM
7009,b2458-eutD
7010,b2459-eutT
7011,b2460-eutQ
7012,b2461-eutP
7013,b2462-eutS
7014,b2463-maeB
7015,b2465-tktB
7016,b2466-ypfG
7017,b2467-nudK
7018,b2468-aegA
7019,b2469-narQ
7020,b2471-yffB
7021,b2472-dapE
7022,b2473-ypfH
7023,b2474-tmcA
7024,b2475-ypfJ
7025,b2476-purC
7026,b2477-bamC
7027,b2478-dapA
7028,b2479-gcvR
7029,b2480-bcp
7030,b2493-perM
7031,b2494-bepA
7032,b2495-yfgD
7033,b2496-hda
7034,b2497-uraA
7035,b2498-upp
7036,b2499-purM
7037,b2500-purN
7038,b2501-ppk
7039,b2502-ppx
7040,b2503-yfgF
7041,b2504-yfgG
7042,b2505-yfgH
7043,b2506-yfgI
7044,b2509-xseA
7045,b2510-yfgJ
7046,b2511-der
7047,b2512-bamB
7048,b2513-yfgM
7049,b2514-hisS
7050,b2515-ispG
7051,b2516-rodZ
7052,b2517-rlmN
7053,b2518-ndk
7054,b2519-pbpC
7055,b2520-yfhM
7056,b2521-sseA
7057,b2522-sseB
7058,b2523-pepB
7059,b2524-iscX
7060,b2525-fdx
7061,b2526-hscA
7062,b2527-hscB
7063,b2528-iscA
7064,b2529-iscU
7065,b2530-iscS
7066,b2531-iscR
7067,b2532-trmJ
7068,b2533-suhB
7069,b2534-yfhR
7070,b2535-csiE
7071,b2536-hcaT
7072,b2543-yphA
7073,b2544-yphB
7074,b2545-yphC
7075,b2546-yphD
7076,b2547-yphE
7077,b2548-yphF
7078,b2549-yphG
7079,b2550-yphH
7080,b2553-glnB
7081,b2555-yfhG
7082,b2556-glrK
7083,b2557-purL
7084,b2558-mltF
7085,b2559-tadA
7086,b2560-pgpC
7087,b2561-yfhH
7088,b2562-yfhL
7089,b2563-acpS
7090,b2564-pdxJ
7091,b2565-recO
7092,b2566-era
7093,b2567-rnc
7094,b2568-lepB
7095,b2569-lepA
7096,b2570-rseC
7097,b2571-rseB
7098,b2572-rseA
7099,b2573-rpoE
7100,b2575-yfiC
7101,b2576-srmB
7102,b2577-yfiE
7103,b2578-eamB
7104,b2579-grcA
7105,b2580-ung
7106,b2581-yfiF
7107,b2582-trxC
7108,b2583-yfiP
7109,b2584-pka
7110,b2585-pssA
7111,b2586-yfiM
7112,b2587-kgtP
7113,b2592-clpB
7114,b2593-yfiH
7115,b2594-rluD
7116,b2595-bamD
7117,b2597-raiA
7118,b2598-pheL
7119,b2599-pheA
7120,b2602-yfiL
7121,b2603-yfiR
7122,b2604-yfiN
7123,b2605-yfiB
7124,b2606-rplS
7125,b2607-trmD
7126,b2608-rimM
7127,b2609-rpsP
7128,b2610-ffh
7129,b2611-ypjD
7130,b2614-grpE
7131,b2615-nadK
7132,b2616-recN
7133,b2617-bamE
7134,b2618-ratB
7135,b2619-ratA
7136,b2620-smpB
7137,b2622-intA
7138,b2623-yfjH
7139,b2624-alpA
7140,b2625-yfjI
7141,b2626-yfjJ
7142,b2627-yfjK
7143,b2628-yfjL
7144,b2629-yfjM
7145,b2630-rnlA
7146,b2631-rnlB
7147,b2632-yfjP
7148,b2633-yfjQ
7149,b2634-yfjR
7150,b2636-yfjS
7151,b2637-yfjT
7152,b2638-yfjU
7153,b2641-yfjV
7154,b2642-yfjW
7155,b2643-yfjX
7156,b2644-yfjY
7157,b2645-yfjZ
7158,b2646-ypjF
7159,b2647-ypjA
7160,b2648-pinH
7161,b2650-ypjC
7162,b2665-ygaU
7163,b2666-yqaE
7164,b2667-ygaV
7165,b2668-ygaP
7166,b2670-alaE
7167,b2671-ygaC
7168,b2672-ygaM
7169,b2677-proV
7170,b2678-proW
7171,b2679-proX
7172,b2681-ygaY
7173,b2682-ygaZ
7174,b2683-ygaH
7175,b2687-luxS
7176,b2688-gshA
7177,b2689-yqaA
7178,b2690-yqaB
7179,b2696-csrA
7180,b2698-recX
7181,b2699-recA
7182,b2700-pncC
7183,b2701-mltB
7184,b2712-hypF
7185,b2713-hydN
7186,b2717-hycI
7187,b2718-hycH
7188,b2719-hycG
7189,b2720-hycF
7190,b2721-hycE
7191,b2722-hycD
7192,b2723-hycC
7193,b2724-hycB
7194,b2725-hycA
7195,b2726-hypA
7196,b2727-hypB
7197,b2728-hypC
7198,b2729-hypD
7199,b2730-hypE
7200,b2731-fhlA
7201,b2732-ygbA
7202,b2733-mutS
7203,b2735-ygbI
7204,b2736-ygbJ
7205,b2737-ygbK
7206,b2738-ygbL
7207,b2739-ygbM
7208,b2740-ygbN
7209,b2742-nlpD
7210,b2743-pcm
7211,b2744-surE
7212,b2745-truD
7213,b2746-ispF
7214,b2747-ispD
7215,b2748-ftsB
7216,b2749-ygbE
7217,b2750-cysC
7218,b2751-cysN
7219,b2752-cysD
7220,b2753-iap
7221,b2754-ygbF
7222,b2755-ygbT
7223,b2756-casE
7224,b2757-casD
7225,b2758-casC
7226,b2759-casB
7227,b2760-casA
7228,b2761-ygcB
7229,b2762-cysH
7230,b2763-cysI
7231,b2764-cysJ
7232,b2765-queD
7233,b2766-ygcN
7234,b2767-ygcO
7235,b2768-ygcP
7236,b2769-ygcQ
7237,b2770-ygcR
7238,b2771-ygcS
7239,b2774-ygcW
7240,b2775-yqcE
7241,b2776-ygcE
7242,b2777-queE
7243,b2778-ygcG
7244,b2779-eno
7245,b2780-pyrG
7246,b2784-relA
7247,b2785-rlmD
7248,b2786-barA
7249,b2790-yqcA
7250,b2791-truC
7251,b2792-yqcC
7252,b2793-syd
7253,b2794-queF
7254,b2795-ygdH
7255,b2796-sdaC
7256,b2797-sdaB
7257,b2798-ygdG
7258,b2806-rlmM
7259,b2807-ygdD
7260,b2809-ygdI
7261,b2810-csdA
7262,b2811-csdE
7263,b2812-tcdA
7264,b2813-mltA
7265,b2817-amiC
7266,b2818-argA
7267,b2819-recD
7268,b2820-recB
7269,b2821-ptrA
7270,b2822-recC
7271,b2823-ppdC
7272,b2824-ygdB
7273,b2825-ppdB
7274,b2826-ppdA
7275,b2827-thyA
7276,b2828-lgt
7277,b2829-ptsP
7278,b2830-rppH
7279,b2831-mutH
7280,b2832-ygdQ
7281,b2833-ygdR
7282,b2834-tas
7283,b2835-lplT
7284,b2836-aas
7285,b2840-ygeA
7286,b2841-araE
7287,b2842-kduD
7288,b2843-kduI
7289,b2844-yqeF
7290,b2845-yqeG
7291,b2846-yqeH
7292,b2847-yqeI
7293,b2848-yqeJ
7294,b2849-yqeK
7295,b2850-ygeF
7296,b2851-ygeG
7297,b2852-ygeH
7298,b2853-ygeI
7299,b2854-pbl
7300,b2856-ygeK
7301,b2858-ygeN
7302,b2859-ygeO
7303,b2863-ygeQ
7304,b2865-ygeR
7305,b2866-xdhA
7306,b2867-xdhB
7307,b2868-xdhC
7308,b2869-ygeV
7309,b2870-ygeW
7310,b2871-ygeX
7311,b2872-ygeY
7312,b2873-hyuA
7313,b2874-yqeA
7314,b2875-yqeB
7315,b2876-yqeC
7316,b2877-mocA
7317,b2878-ygfK
7318,b2879-ssnA
7319,b2880-ygfM
7320,b2881-xdhD
7321,b2882-xanQ
7322,b2883-guaD
7323,b2886-ygfS
7324,b2887-ygfT
7325,b2888-uacT
7326,b2889-idi
7327,b2890-lysS
7328,b2891-prfB
7329,b2892-recJ
7330,b2893-dsbC
7331,b2894-xerD
7332,b2895-fldB
7333,b2896-cptA
7334,b2897-cptB
7335,b2898-ygfZ
7336,b2899-yqfA
7337,b2900-yqfB
7338,b2901-bglA
7339,b2902-ygfF
7340,b2906-ubiI
7341,b2907-ubiH
7342,b2908-pepP
7343,b2909-ygfB
7344,b2910-zapA
7345,b2912-ygfA
7346,b2913-serA
7347,b2914-rpiA
7348,b2915-yqfE
7349,b2916-argP
7350,b2917-scpA
7351,b2918-argK
7352,b2919-scpB
7353,b2920-scpC
7354,b2921-ygfI
7355,b2922-yggE
7356,b2923-argO
7357,b2924-mscS
7358,b2925-fbaA
7359,b2926-pgk
7360,b2927-epd
7361,b2928-yggC
7362,b2929-yggD
7363,b2930-yggF
7364,b2933-cmtA
7365,b2934-cmtB
7366,b2935-tktA
7367,b2936-loiP
7368,b2937-speB
7369,b2938-speA
7370,b2939-yqgB
7371,b2940-yqgC
7372,b2944-sprT
7373,b2945-endA
7374,b2946-rsmE
7375,b2947-gshB
7376,b2948-yqgE
7377,b2949-yqgF
7378,b2950-yggR
7379,b2951-yggS
7380,b2952-yggT
7381,b2953-yggU
7382,b2954-rdgB
7383,b2955-yggW
7384,b2956-yggM
7385,b2957-ansB
7386,b2958-yggN
7387,b2959-yggL
7388,b2960-trmB
7389,b2961-mutY
7390,b2962-yggX
7391,b2963-mltC
7392,b2965-speC
7393,b2966-yqgA
7394,b2968-yghD
7395,b2969-yghE
7396,b2970-yghF
7397,b2971-yghG
7398,b2972-pppA
7399,b2981-yghO
7400,b2983-yghQ
7401,b2984-yghR
7402,b2985-yghS
7403,b2986-yghT
7404,b2987-pitB
7405,b2988-gss
7406,b2989-yghU
7407,b2990-hybG
7408,b2991-hybF
7409,b2992-hybE
7410,b2993-hybD
7411,b2994-hybC
7412,b2995-hybB
7413,b2996-hybA
7414,b2997-hybO
7415,b2998-yghW
7416,b3001-gpr
7417,b3002-yqhA
7418,b3003-yghA
7419,b3005-exbD
7420,b3006-exbB
7421,b3009-yghB
7422,b3013-yqhG
7423,b3014-yqhH
7424,b3017-ftsP
7425,b3018-plsC
7426,b3019-parC
7427,b3020-ygiS
7428,b3023-ygiV
7429,b3024-ygiW
7430,b3027-ygiZ
7431,b3028-mdaB
7432,b3029-ygiN
7433,b3030-parE
7434,b3031-yqiA
7435,b3032-cpdA
7436,b3033-yqiB
7437,b3034-nudF
7438,b3035-tolC
7439,b3037-ygiB
7440,b3038-ygiC
7441,b3039-ygiD
7442,b3040-zupT
7443,b3041-ribB
7444,b3042-yqiC
7445,b3043-ygiL
7446,b3046-yqiG
7447,b3047-yqiH
7448,b3048-yqiI
7449,b3049-glgS
7450,b3050-yqiJ
7451,b3051-yqiK
7452,b3052-hldE
7453,b3053-glnE
7454,b3054-ygiF
7455,b3055-ygiM
7456,b3056-cca
7457,b3057-uppP
7458,b3058-folB
7459,b3059-plsY
7460,b3064-tsaD
7461,b3065-rpsU
7462,b3066-dnaG
7463,b3067-rpoD
7464,b3068-mug
7465,b3072-aer
7466,b3073-patA
7467,b3074-ygjH
7468,b3078-ygjI
7469,b3079-ygjJ
7470,b3080-ygjK
7471,b3081-fadH
7472,b3082-higA
7473,b3083-higB
7474,b3084-rlmG
7475,b3085-ygjP
7476,b3086-ygjQ
7477,b3087-ygjR
7478,b3088-alx
7479,b3089-sstT
7480,b3090-ygjV
7481,b3095-yqjA
7482,b3096-mzrA
7483,b3097-yqjC
7484,b3098-yqjD
7485,b3099-yqjE
7486,b3100-yqjK
7487,b3101-yqjF
7488,b3102-yqjG
7489,b3103-yhaH
7490,b3104-yhaI
7491,b3105-yhaJ
7492,b3106-yhaK
7493,b3107-yhaL
7494,b3110-yhaO
7495,b3120-yhaB
7496,b3121-yhaC
7497,b3129-prlF
7498,b3130-yhaV
7499,b3142-yraH
7500,b3143-yraI
7501,b3144-yraJ
7502,b3145-yraK
7503,b3146-rsmI
7504,b3147-lpoA
7505,b3148-yraN
7506,b3149-diaA
7507,b3150-yraP
7508,b3151-yraQ
7509,b3152-yraR
7514,b3153-yhbO
7515,b3154-yhbP
7516,b3155-yhbQ
7517,b3156-yhbS
7518,b3157-yhbT
7519,b3158-yhbU
7520,b3159-yhbV
7521,b3160-yhbW
7522,b3162-deaD
7523,b3163-nlpI
7524,b3164-pnp
7525,b3165-rpsO
7526,b3166-truB
7527,b3167-rbfA
7528,b3168-infB
7529,b3169-nusA
7530,b3170-rimP
7531,b3172-argG
7532,b3173-yhbX
7533,b3175-secG
7534,b3176-glmM
7535,b3177-folP
7536,b3178-ftsH
7537,b3179-rlmE
7538,b3180-yhbY
7539,b3181-greA
7540,b3182-dacB
7541,b3183-obgE
7542,b3184-yhbE
7543,b3187-ispB
7544,b3188-sfsB
7545,b3189-murA
7546,b3191-mlaB
7547,b3192-mlaC
7548,b3193-mlaD
7549,b3194-mlaE
7550,b3195-mlaF
7551,b3196-yrbG
7552,b3197-kdsD
7553,b3198-kdsC
7554,b3199-lptC
7555,b3200-lptA
7556,b3201-lptB
7557,b3202-rpoN
7558,b3203-hpf
7559,b3204-ptsN
7560,b3205-rapZ
7561,b3206-ptsO
7562,b3208-mtgA
7563,b3209-elbB
7564,b3210-arcB
7565,b3211-yhcC
7566,b3215-yhcA
7567,b3216-yhcD
7568,b3219-yhcF
7569,b3220-yhcG
7570,b3227-dcuD
7571,b3228-sspB
7572,b3229-sspA
7573,b3230-rpsI
7574,b3231-rplM
7575,b3232-zapE
7576,b3233-yhcB
7577,b3234-degQ
7578,b3235-degS
7579,b3237-argR
7580,b3238-yhcN
7581,b3239-yhcO
7582,b3240-aaeB
7583,b3241-aaeA
7584,b3242-aaeX
7585,b3243-aaeR
7586,b3244-tldD
7587,b3247-rng
7588,b3248-yhdE
7589,b3249-mreD
7590,b3250-mreC
7591,b3251-mreB
7592,b3252-csrD
7593,b3253-acuI
7594,b3257-yhdT
7595,b3258-panF
7596,b3259-prmA
7597,b3260-dusB
7598,b3261-fis
7599,b3262-yhdJ
7600,b3263-yhdU
7601,b3265-acrE
7602,b3266-acrF
7603,b3267-yhdV
7604,b3268-yhdW
7605,b3269-yhdX
7606,b3270-yhdY
7607,b3271-yhdZ
7608,b3279-yrdA
7609,b3280-yrdB
7610,b3281-aroE
7611,b3282-tsaC
7612,b3283-yrdD
7613,b3284-smg
7614,b3287-def
7615,b3288-fmt
7616,b3289-rsmB
7617,b3290-trkA
7618,b3291-mscL
7619,b3293-yhdN
7620,b3294-rplQ
7621,b3295-rpoA
7622,b3296-rpsD
7623,b3297-rpsK
7624,b3298-rpsM
7625,b3299-rpmJ
7626,b3300-secY
7627,b3301-rplO
7628,b3302-rpmD
7629,b3303-rpsE
7630,b3304-rplR
7631,b3305-rplF
7632,b3306-rpsH
7633,b3307-rpsN
7634,b3308-rplE
7635,b3309-rplX
7636,b3310-rplN
7637,b3311-rpsQ
7638,b3312-rpmC
7639,b3313-rplP
7640,b3314-rpsC
7641,b3315-rplV
7642,b3316-rpsS
7643,b3317-rplB
7644,b3318-rplW
7645,b3319-rplD
7646,b3320-rplC
7647,b3321-rpsJ
7648,b3322-gspB
7649,b3323-gspA
7650,b3324-gspC
7651,b3325-gspD
7652,b3326-gspE
7653,b3327-gspF
7654,b3328-gspG
7655,b3329-gspH
7656,b3330-gspI
7657,b3331-gspJ
7658,b3332-gspK
7659,b3333-gspL
7660,b3334-gspM
7661,b3335-gspO
7662,b3336-bfr
7663,b3337-bfd
7664,b3338-chiA
7665,b3339-tufA
7666,b3340-fusA
7667,b3341-rpsG
7668,b3342-rpsL
7669,b3343-tusB
7670,b3344-tusC
7671,b3345-tusD
7672,b3346-yheO
7673,b3347-fkpA
7674,b3348-slyX
7675,b3349-slyD
7676,b3350-kefB
7677,b3351-kefG
7678,b3352-yheS
7679,b3353-yheT
7680,b3354-yheU
7681,b3355-prkB
7682,b3356-yhfA
7683,b3357-crp
7684,b3358-yhfK
7685,b3359-argD
7686,b3360-pabA
7687,b3361-fic
7688,b3362-yhfG
7689,b3364-tsgA
7690,b3365-nirB
7691,b3366-nirD
7692,b3367-nirC
7693,b3368-cysG
7694,b3369-yhfL
7695,b3370-frlA
7696,b3371-frlB
7697,b3374-frlD
7698,b3375-frlR
7699,b3376-yhfS
7700,b3377-yhfT
7701,b3378-yhfU
7702,b3379-php
7703,b3380-yhfW
7704,b3381-yhfX
7705,b3382-yhfY
7706,b3383-yhfZ
7707,b3384-trpS
7708,b3385-gph
7709,b3386-rpe
7710,b3387-dam
7711,b3388-damX
7712,b3389-aroB
7713,b3390-aroK
7714,b3391-hofQ
7715,b3392-hofP
7716,b3393-hofO
7717,b3394-hofN
7718,b3395-hofM
7719,b3396-mrcA
7720,b3397-nudE
7721,b3398-yrfF
7722,b3399-yrfG
7723,b3400-hslR
7724,b3401-hslO
7725,b3402-yhgE
7726,b3403-pckA
7727,b3404-envZ
7728,b3405-ompR
7729,b3406-greB
7730,b3407-yhgF
7731,b3408-feoA
7732,b3409-feoB
7733,b3410-feoC
7734,b3411-yhgA
7735,b3424-glpG
7736,b3425-glpE
7737,b3427-yzgL
7738,b3428-glgP
7739,b3429-glgA
7740,b3430-glgC
7741,b3431-glgX
7742,b3432-glgB
7743,b3433-asd
7744,b3434-yhgN
7745,b3439-yhhW
7746,b3440-yhhX
7747,b3441-yhhY
7748,b3442-yhhZ
7749,b3443-yrhA
7750,b3446-yrhB
7751,b3447-ggt
7752,b3448-yhhA
7753,b3449-ugpQ
7754,b3450-ugpC
7755,b3451-ugpE
7756,b3452-ugpA
7757,b3453-ugpB
7758,b3454-livF
7759,b3455-livG
7760,b3456-livM
7761,b3457-livH
7762,b3458-livK
7763,b3459-panM
7764,b3460-livJ
7765,b3462-ftsX
7766,b3463-ftsE
7767,b3464-ftsY
7768,b3465-rsmD
7769,b3466-yhhL
7770,b3467-yhhM
7771,b3468-yhhN
7772,b3470-tusA
7773,b3471-yhhQ
7774,b3472-dcrB
7775,b3473-yhhS
7776,b3474-yhhT
7777,b3475-acpT
7778,b3482-rhsB
7779,b3483-yhhH
7780,b3485-yhhJ
7781,b3486-rbbA
7782,b3487-yhiI
7783,b3488-yhiJ
7784,b3492-yhiN
7785,b3493-pitA
7786,b3494-uspB
7787,b3495-uspA
7788,b3496-dtpB
7789,b3497-rsmJ
7790,b3498-prlC
7791,b3499-rlmJ
7792,b3500-gor
7793,b3504-yhiS
7794,b3511-hdeD
7795,b3518-yhjA
7796,b3519-treF
7797,b3520-yhjB
7798,b3521-yhjC
7799,b3522-yhjD
7800,b3523-yhjE
7801,b3524-yhjG
7802,b3525-yhjH
7803,b3526-kdgK
7804,b3527-yhjJ
7805,b3529-yhjK
7806,b3530-bcsC
7807,b3531-bcsZ
7808,b3532-bcsB
7809,b3533-bcsA
7810,b3534-bcsQ
7811,b3535-yhjR
7812,b3536-bcsE
7813,b3537-bcsF
7818,b3538-bcsG
7819,b3539-yhjV
7820,b3540-dppF
7821,b3541-dppD
7822,b3542-dppC
7823,b3543-dppB
7824,b3544-dppA
7825,b3546-eptB
7826,b3548-yhjY
7827,b3549-tag
7828,b3550-yiaC
7829,b3551-bisC
7830,b3552-yiaD
7831,b3553-ghrB
7832,b3554-yiaF
7833,b3555-yiaG
7834,b3557-insJ
7835,b3558-insK
7836,b3559-glyS
7837,b3560-glyQ
7838,b3561-wecH
7839,b3562-yiaA
7840,b3563-yiaB
7841,b3570-bax
7842,b3572-avtA
7843,b3573-ysaA
7844,b3584-yiaT
7845,b3585-yiaU
7846,b3586-yiaV
7847,b3587-yiaW
7848,b3588-aldB
7849,b3589-yiaY
7850,b3590-selB
7851,b3591-selA
7852,b3592-yibF
7853,b3594-yibA
7854,b3595-yibJ
7855,b3596-yibG
7856,b3597-yibH
7857,b3598-yibI
7858,b3602-yibL
7859,b3606-trmL
7860,b3607-cysE
7861,b3608-gpsA
7862,b3609-secB
7863,b3610-grxC
7864,b3611-yibN
7865,b3612-gpmI
7866,b3613-envC
7867,b3614-yibQ
7868,b3615-yibD
7869,b3616-tdh
7870,b3617-kbl
7871,b3618-htrL
7872,b3619-hldD
7873,b3620-rfaF
7874,b3621-rfaC
7875,b3622-rfaL
7876,b3623-waaU
7877,b3624-rfaZ
7878,b3625-rfaY
7879,b3626-rfaJ
7880,b3627-rfaI
7881,b3628-rfaB
7882,b3629-rfaS
7883,b3630-rfaP
7884,b3631-rfaG
7885,b3632-rfaQ
7886,b3633-waaA
7887,b3634-coaD
7888,b3635-mutM
7889,b3636-rpmG
7890,b3637-rpmB
7891,b3638-yicR
7892,b3639-coaBC
7893,b3640-dut
7894,b3641-slmA
7895,b3642-pyrE
7896,b3643-rph
7897,b3644-yicC
7898,b3645-dinD
7899,b3646-yicG
7900,b3647-ligB
7901,b3648-gmk
7902,b3649-rpoZ
7903,b3650-spoT
7904,b3651-trmH
7905,b3652-recG
7906,b3653-gltS
7907,b3654-xanP
7908,b3655-yicH
7909,b3656-yicI
7910,b3657-yicJ
7911,b3659-setC
7912,b3660-yicL
7913,b3661-nlpA
7914,b3662-nepI
7915,b3663-yicN
7916,b3664-adeQ
7917,b3665-ade
8112,b3667-uhpC
8113,b3668-uhpB
8114,b3670-ilvN
8115,b3671-ilvB
8116,b3672-ivbL
8117,b3673-emrD
8118,b3674-yidF
8119,b3675-yidG
8120,b3676-yidH
8121,b3677-yidI
8122,b3678-yidJ
8123,b3679-yidK
8124,b3680-yidL
8125,b3683-glvC
8126,b3684-yidP
8127,b3685-yidE
8128,b3686-ibpB
8129,b3687-ibpA
8130,b3688-yidQ
8131,b3689-yidR
8132,b3690-cbrA
8133,b3691-dgoT
8134,b3693-dgoK
8135,b3696-yidX
8136,b3697-yidA
8137,b3698-yidB
8138,b3703-rpmH
8139,b3704-rnpA
8140,b3705-yidC
8141,b3706-mnmE
8142,b3710-mdtL
8143,b3711-yidZ
8144,b3712-yieE
8145,b3713-chrR
8146,b3714-adeP
8147,b3715-yieH
8148,b3716-cbrB
8149,b3717-cbrC
8150,b3718-yieK
8151,b3719-yieL
8152,b3720-bglH
8153,b3724-phoU
8154,b3725-pstB
8155,b3726-pstA
8156,b3727-pstC
8157,b3728-pstS
8158,b3729-glmS
8159,b3730-glmU
8160,b3731-atpC
8161,b3732-atpD
8162,b3733-atpG
8163,b3734-atpA
8164,b3735-atpH
8165,b3736-atpF
8166,b3737-atpE
8167,b3738-atpB
8168,b3739-atpI
8169,b3740-rsmG
8170,b3745-viaA
8171,b3746-ravA
8172,b3747-kup
8173,b3754-hsrA
8174,b3755-yieP
8175,b3764-yifE
8176,b3765-yifB
8177,b3766-ilvL
8178,b3769-ilvM
8179,b3770-ilvE
8180,b3771-ilvD
8181,b3772-ilvA
8182,b3775-ppiC
8183,b3777-yifN
8184,b3778-rep
8185,b3779-gppA
8186,b3780-rhlB
8187,b3781-trxA
8188,b3783-rho
8189,b3784-wecA
8190,b3785-wzzE
8191,b3786-wecB
8192,b3787-wecC
8193,b3788-rffG
8194,b3789-rffH
8195,b3790-wecD
8196,b3791-wecE
8197,b3792-wzxE
8198,b3793-wzyE
8199,b3794-wecG
8200,b3795-yifK
8201,b3801-aslA
8202,b3802-hemY
8203,b3803-hemX
8204,b3804-hemD
8205,b3805-hemC
8206,b3806-cyaA
8207,b3807-cyaY
8208,b3809-dapF
8209,b3810-yigA
8210,b3811-xerC
8211,b3812-yigB
8404,b3813-uvrD
8405,b3816-corA
8406,b3817-yigF
8407,b3818-yigG
8408,b3819-rarD
8409,b3820-yigI
8410,b3821-pldA
8411,b3822-recQ
8412,b3823-rhtC
8413,b3824-rhtB
8414,b3825-pldB
8415,b3826-yigL
8416,b3827-yigM
8417,b3830-ysgA
8418,b3832-rmuC
8419,b3833-ubiE
8420,b3834-ubiJ
8421,b3835-ubiB
8422,b3836-tatA
8423,b3838-tatB
8424,b3839-tatC
8425,b3842-rfaH
8426,b3843-ubiD
8427,b3844-fre
8428,b3845-fadA
8429,b3846-fadB
8430,b3847-pepQ
8431,b3848-yigZ
8432,b3849-trkH
8433,b3850-hemG
8434,b3856-mobB
8435,b3857-mobA
8436,b3858-yihD
8437,b3859-srkA
8438,b3860-dsbA
8439,b3861-yihF
8440,b3862-yihG
8441,b3865-engB
8442,b3866-yihI
8443,b3867-hemN
8444,b3868-glnG
8445,b3869-glnL
8446,b3870-glnA
8447,b3871-typA
8448,b3872-yihL
8449,b3873-yihM
8450,b3874-yihN
8451,b3875-ompL
8452,b3876-yihO
8453,b3877-yihP
8454,b3878-yihQ
8455,b3879-yihR
8456,b3880-yihS
8457,b3881-yihT
8458,b3882-yihU
8459,b3883-yihV
8460,b3884-yihW
8461,b3885-yihX
8462,b3886-yihY
8463,b3887-dtd
8464,b3888-yiiD
8465,b3889-yiiE
8466,b3890-yiiF
8467,b3891-fdhE
8468,b3892-fdoI
8469,b3893-fdoH
8470,b3894-fdoG
8471,b3895-fdhD
8472,b3896-yiiG
8473,b3897-frvR
8474,b3898-frvX
8475,b3899-frvB
8476,b3900-frvA
8477,b3901-rhaM
8478,b3908-sodA
8479,b3909-kdgT
8480,b3910-yiiM
8481,b3911-cpxA
8482,b3912-cpxR
8483,b3915-fieF
8484,b3916-pfkA
8485,b3917-sbp
8486,b3918-cdh
8487,b3919-tpiA
8488,b3920-yiiQ
8489,b3921-yiiR
8490,b3922-yiiS
8491,b3923-uspD
8492,b3924-fpr
8493,b3928-zapB
8494,b3929-rraA
8495,b3930-menA
8496,b3931-hslU
8497,b3932-hslV
8498,b3933-ftsN
8499,b3935-priA
8500,b3936-rpmE
8501,b3937-yiiX
8502,b3942-katG
8503,b3943-yijE
8504,b3944-yijF
8505,b3945-gldA
8506,b3946-fsaB
8507,b3947-ptsA
8508,b3949-frwC
8509,b3950-frwB
8510,b3951-pflD
8511,b3952-pflC
8512,b3953-frwD
8513,b3954-yijO
8514,b3955-eptC
8515,b3956-ppc
8516,b3957-argE
8517,b3958-argC
8518,b3959-argB
8519,b3960-argH
8520,b3961-oxyR
8521,b3962-sthA
8522,b3964-yijD
8523,b3965-trmA
8524,b3966-btuB
8525,b3967-murI
8526,b3972-murB
8527,b3974-coaA
8528,b3981-secE
8529,b3982-nusG
8530,b3983-rplK
8531,b3984-rplA
8532,b3985-rplJ
8533,b3986-rplL
8534,b3987-rpoB
8535,b3988-rpoC
8536,b3989-htrC
8537,b3990-thiH
8538,b3991-thiG
8539,b3992-thiF
8540,b3993-thiE
8541,b3994-thiC
8542,b3995-rsd
8543,b3996-nudC
8544,b3997-hemE
8545,b3998-nfi
8546,b3999-yjaG
8547,b4000-hupA
8548,b4001-yjaH
8549,b4011-yjaA
8550,b4012-yjaB
8551,b4017-arpA
8552,b4020-yjbB
8553,b4021-pepE
8554,b4022-rluF
8555,b4023-yjbD
8556,b4024-lysC
8557,b4025-pgi
8558,b4026-yjbE
8559,b4027-yjbF
8560,b4028-yjbG
8561,b4029-yjbH
8562,b4030-psiE
8563,b4031-xylE
8564,b4038-yjbI
8565,b4039-ubiC
8566,b4040-ubiA
8567,b4041-plsB
8568,b4043-lexA
8569,b4044-dinF
8570,b4045-yjbJ
8571,b4047-yjbL
8572,b4048-yjbM
8573,b4049-dusA
8574,b4051-qorA
8575,b4052-dnaB
8576,b4053-alr
8577,b4055-aphA
8578,b4056-yjbQ
8579,b4057-yjbR
8580,b4058-uvrA
8581,b4059-ssb
8582,b4060-yjcB
8583,b4061-yjcC
8584,b4064-ghxP
8585,b4065-yjcE
8586,b4066-yjcF
8587,b4067-actP
8588,b4068-yjcH
8589,b4069-acs
8590,b4070-nrfA
8591,b4071-nrfB
8592,b4072-nrfC
8593,b4073-nrfD
8594,b4074-nrfE
8595,b4075-nrfF
8596,b4076-nrfG
8597,b4077-gltP
8598,b4078-yjcO
8599,b4079-fdhF
8600,b4080-mdtP
8601,b4081-mdtO
8602,b4082-mdtN
8603,b4083-yjcS
8604,b4084-alsK
8605,b4092-phnP
8606,b4093-phnO
8607,b4094-phnN
8608,b4095-phnM
8609,b4096-phnL
8610,b4097-phnK
8611,b4098-phnJ
8612,b4099-phnI
8613,b4100-phnH
8614,b4101-phnG
8615,b4102-phnF
8616,b4104-phnE
8617,b4105-phnD
8618,b4106-phnC
8619,b4107-phnB
8620,b4108-phnA
8621,b4109-crfC
8622,b4110-yjcZ
8623,b4111-proP
8624,b4112-basS
8625,b4114-eptA
8626,b4121-yjdF
8627,b4125-dcuS
8628,b4126-yjdI
8629,b4127-yjdJ
8630,b4128-ghoS
8631,b4129-lysU
8632,b4130-dtpC
8633,b4135-yjdC
8634,b4136-dsbD
8635,b4137-cutA
8636,b4138-dcuA
8637,b4139-aspA
8638,b4140-fxsA
8639,b4141-yjeH
8640,b4142-groS
8641,b4143-groL
8642,b4144-yjeI
8643,b4145-yjeJ
8644,b4146-epmB
8645,b4147-efp
8646,b4148-sugE
8647,b4149-blc
8648,b4155-epmA
8649,b4156-yjeM
8650,b4157-yjeN
8651,b4158-yjeO
8652,b4159-mscM
8653,b4160-psd
8654,b4161-rsgA
8655,b4162-orn
8656,b4166-queG
8657,b4167-nnr
8658,b4168-tsaE
8659,b4169-amiB
8660,b4170-mutL
8661,b4171-miaA
8662,b4172-hfq
8663,b4173-hflX
8664,b4174-hflK
8665,b4175-hflC
8666,b4176-yjeT
8667,b4177-purA
8668,b4178-nsrR
8669,b4179-rnr
8670,b4180-rlmB
8671,b4181-yjfI
8672,b4182-yjfJ
8673,b4183-yjfK
8674,b4184-yjfL
8675,b4185-yjfM
8676,b4186-yjfC
8677,b4188-yjfN
8678,b4189-bsmA
8679,b4190-yjfP
8680,b4199-yjfY
8681,b4200-rpsF
8682,b4201-priB
8683,b4202-rpsR
8684,b4203-rplI
8685,b4204-yjfZ
8686,b4205-ytfA
8687,b4206-ytfB
8688,b4207-fklB
8689,b4208-cycA
8690,b4209-ytfE
8691,b4210-ytfF
8692,b4211-qorB
8693,b4212-ytfH
8694,b4213-cpdB
8695,b4214-cysQ
8696,b4215-ytfI
8697,b4216-ytfJ
8698,b4217-ytfK
8699,b4218-ytfL
8700,b4219-msrA
8701,b4220-tamA
8702,b4221-tamB
8703,b4222-ytfP
8704,b4224-chpS
8705,b4225-chpB
8706,b4226-ppa
8707,b4227-ytfQ
8708,b4230-ytfT
8709,b4231-yjfF
8710,b4232-fbp
8711,b4233-mpl
8712,b4234-yjgA
8713,b4235-pmbA
8714,b4236-cybC
8715,b4242-mgtA
8716,b4243-ridA
8717,b4244-pyrI
8718,b4245-pyrB
8719,b4246-pyrL
8720,b4248-yjgH
8721,b4249-bdcA
8722,b4251-bdcR
8723,b4252-tabA
8724,b4253-yjgL
8725,b4254-argI
8726,b4255-rraB
8727,b4256-yjgM
8728,b4257-yjgN
8729,b4258-valS
8730,b4259-holC
8731,b4261-lptF
8732,b4262-lptG
8733,b4263-yjgR
8734,b4269-ahr
8735,b4271-intB
8736,b4277-yjgZ
8737,b4278-insG
8738,b4281-yjhD
8739,b4282-yjhE
8740,b4286-
8741,b4287-fecE
8742,b4288-fecD
8743,b4289-fecC
8744,b4290-fecB
8745,b4291-fecA
8746,b4292-fecR
8747,b4293-fecI
8748,b4294-insA7
8749,b4295-yjhU
8750,b4296-yjhF
8751,b4297-yjhG
8752,b4298-yjhH
8753,b4299-yjhI
8754,b4300-sgcR
8755,b4301-sgcE
8756,b4302-sgcA
8757,b4303-sgcQ
8758,b4304-sgcC
8759,b4305-sgcX
8760,b4306-yjhP
8761,b4307-yjhQ
8762,b4308-yjhR
8763,b4314-fimA
8764,b4315-fimI
8765,b4316-fimC
8766,b4317-fimD
8767,b4318-fimF
8768,b4319-fimG
8769,b4320-fimH
8770,b4325-yjiC
8771,b4326-iraD
8772,b4327-yjiE
8773,b4328-iadA
8774,b4329-yjiG
8775,b4330-yjiH
8776,b4331-kptA
8777,b4332-yjiJ
8778,b4333-yjiK
8779,b4334-yjiL
8780,b4335-yjiM
8781,b4336-yjiN
8782,b4337-mdtM
8783,b4339-yjiP
8784,b4340-yjiR
8785,b4341-yjiS
8786,b4342-yjiT
8787,b4345-mcrC
8788,b4346-mcrB
8789,b4347-symE
8790,b4348-hsdS
8791,b4349-hsdM
8792,b4350-hsdR
8793,b4351-mrr
8794,b4352-yjiA
8795,b4353-yjiX
8796,b4355-tsr
8797,b4356-lgoT
8798,b4358-lgoD
8799,b4359-mdoB
8800,b4360-yjjA
8801,b4361-dnaC
8802,b4362-dnaT
8803,b4363-yjjB
8804,b4364-yjjP
8805,b4365-yjjQ
8806,b4366-bglJ
8807,b4367-fhuF
8808,b4371-rsmC
8809,b4372-holD
8810,b4373-rimI
8811,b4374-yjjG
8812,b4375-prfC
8813,b4376-osmY
8814,b4377-yjjU
8815,b4378-yjjV
8816,b4379-yjjW
8817,b4380-yjjI
8818,b4385-yjjJ
8819,b4386-lplA
8820,b4387-smp
8821,b4388-serB
8822,b4389-radA
8823,b4391-ettA
8824,b4392-slt
8825,b4394-yjjX
8826,b4395-gpmB
8827,b4396-rob
8828,b4397-creA
8829,b4399-creC
8830,b4401-arcA
8831,b4402-yjjY
8832,b4403-lasT
8833,b4460-araH
8834,b4461-yfjD
8835,b4462-ygaQ
8836,b4463-ygcU
8837,b4464-ghxQ
8838,b4465-yggP
8839,b4466-yghJ
8840,b4469-ygiQ
8841,b4470-yhaM
8842,b4472-yhdP
8843,b4473-smf
8844,b4474-frlC
8845,b4479-dgoR
8846,b4482-yigE
8847,b4483-tatD
8848,b4484-cpxP
8849,b4485-ytfR
8850,b4486-yjiV
8851,b4696-yneO
